Txhash,Blockno,UnixTimestamp,DateTime,From,To,ContractAddress,Value_IN(ETH),Value_OUT(ETH),CurrentValue @ $0/Eth,TxnFee(ETH),TxnFee(USD),Historical $Price/Eth,Status,ErrCode,Method
0xa73d47ac48b43e618cb4859c2951d31b4f6754a2670c6719ce3fe07956bd723e,6053921,1639985054,20-12-2021 07:24,0xbb66ef34814f0613a3b738288fe55553a69c44ba,,0xe6440028008a67c52d1a9489252112228c1dcd8d,0,0,0,0.00264354,0,,,,0x60806040
0x212bf5acddad644ff7880d30ca4964afca2ced3e4ccc2c114fb2b54f592bfea1,6060549,1640084487,21-12-2021 11:01,0x6a09436f3cb7c3e871071033aba967327499b9d4,0xe6440028008a67c52d1a9489252112228c1dcd8d,,0,0,0,0.000550679,0,,,,0x7818055e
0x75b4a31b833a5d873bc3f056fcccb2daa79a1a702d83cf5aa030075564f2c800,6065923,1640165159,22-12-2021 09:25,0x6a09436f3cb7c3e871071033aba967327499b9d4,0xe6440028008a67c52d1a9489252112228c1dcd8d,,0,0,0,0.000471479,0,,,,0x7818055e
0x58f54717ff97177c3329bbe9b6217083209b02d6d2832008cb5ec7f295515f7a,6099690,1640671862,28-12-2021 06:11,0x6a09436f3cb7c3e871071033aba967327499b9d4,0xe6440028008a67c52d1a9489252112228c1dcd8d,,0,0,0,0.000413579,0,,,,0x7818055e
0xecfaa0241733ccc58bb4811c0bb1da10d469337293b65585edd72bc9a5ace811,6099691,1640671877,28-12-2021 06:11,0x6a09436f3cb7c3e871071033aba967327499b9d4,0xe6440028008a67c52d1a9489252112228c1dcd8d,,0,0,0,0.00036549,0,,Error(0),Out of gas,0x7818055e
0x869930fde2814a0e7604c4f6a5444c07eeb22e775ba13a2cb62a5b64c9c4fae4,6099692,1640671892,28-12-2021 06:11,0x6a09436f3cb7c3e871071033aba967327499b9d4,0xe6440028008a67c52d1a9489252112228c1dcd8d,,0,0,0,0.00036549,0,,,,0x7818055e
0x01e1fa028060ff828088c42f9b774090df82d864458265e6a42111a07aa083d9,6099693,1640671907,28-12-2021 06:11,0x6a09436f3cb7c3e871071033aba967327499b9d4,0xe6440028008a67c52d1a9489252112228c1dcd8d,,0,0,0,0.00036549,0,,Error(0),Out of gas,0x7818055e
0xee9dfb089c23d1f5e047894fc23ddc840627e71f16932d9e3c5b7ebc346a5b26,6099697,1640671967,28-12-2021 06:12,0xa72e420605fd940b860c493263ce891d434782cb,0xe6440028008a67c52d1a9489252112228c1dcd8d,,0,0,0,0.000421217,0,,,,0x7818055e
0x639a2d369f4792ba22aaa94ece3ab5dbcdcbc3ece26c3a8ff39603807f4c33fa,6099697,1640671967,28-12-2021 06:12,0xa6e799871576a4337bb1ebf8e0cfe348209a9a1b,0xe6440028008a67c52d1a9489252112228c1dcd8d,,0,0,0,0.000494736,0,,,,0x7818055e
0x5b4d2a9b503e0a96386b64a333fc53ecf6df7d2605c35105082a5fc6a4bb5134,6099697,1640671967,28-12-2021 06:12,0x138b9ebec6dcf3a5293fd6f5846ccbfe7a9e856a,0xe6440028008a67c52d1a9489252112228c1dcd8d,,0,0,0,0.000494736,0,,,,0x7818055e
0x29924ef65b6a8dc8a9c62e8035f9d7d8578ad78804c0ab83e2959385625999d8,6099697,1640671967,28-12-2021 06:12,0x93e92a2bc0c66a2887ecf5c918fbbd622491ed23,0xe6440028008a67c52d1a9489252112228c1dcd8d,,0,0,0,0.000494708,0,,,,0x7818055e
0x98157ae674c6a2d93e63df53a904a6dabadb0f67bc1328d86fb8572371206442,6099697,1640671967,28-12-2021 06:12,0x6a09436f3cb7c3e871071033aba967327499b9d4,0xe6440028008a67c52d1a9489252112228c1dcd8d,,0,0,0,0.00036969,0,,Error(0),Out of gas,0x7818055e
0xda95771a66957bc9831ad9312bd314d7c1097bad23c4156789eb5cf8d53ed0d4,6099698,1640671982,28-12-2021 06:13,0xa72e420605fd940b860c493263ce891d434782cb,0xe6440028008a67c52d1a9489252112228c1dcd8d,,0,0,0,0.000368831,0,,Error(0),Out of gas,0x7818055e
0x08190941d3a3590816dee3341e708112dc3e2162d45b9b424ce76fa10c4c3f0b,6099698,1640671982,28-12-2021 06:13,0x93e92a2bc0c66a2887ecf5c918fbbd622491ed23,0xe6440028008a67c52d1a9489252112228c1dcd8d,,0,0,0,0.000369645,0,,Error(0),Out of gas,0x7818055e
0x78a2c805196febece02cf70646011405c30a6ee682990780bc5e24ef2cd90688,6099698,1640671982,28-12-2021 06:13,0x6a09436f3cb7c3e871071033aba967327499b9d4,0xe6440028008a67c52d1a9489252112228c1dcd8d,,0,0,0,0.00036969,0,,Error(0),Out of gas,0x7818055e
0x565e1f8b04304d66256ebe13872adac9341a3227278c3b828b5051e160398524,6099698,1640671982,28-12-2021 06:13,0x138b9ebec6dcf3a5293fd6f5846ccbfe7a9e856a,0xe6440028008a67c52d1a9489252112228c1dcd8d,,0,0,0,0.000369686,0,,Error(0),Out of gas,0x7818055e
0xad99701ca30d2c3f10b4edb8438d2cf41de07691d1b89ba897c4b6144d6e24c2,6099698,1640671982,28-12-2021 06:13,0xa6e799871576a4337bb1ebf8e0cfe348209a9a1b,0xe6440028008a67c52d1a9489252112228c1dcd8d,,0,0,0,0.000369686,0,,Error(0),Out of gas,0x7818055e
0x94920f6086e900c3afa5c7251b17fec3596d0056ea462d590e112a9e52005216,6099699,1640671997,28-12-2021 06:13,0x6a09436f3cb7c3e871071033aba967327499b9d4,0xe6440028008a67c52d1a9489252112228c1dcd8d,,0,0,0,0.00036249,0,,,,0x7818055e
0x9c0ea498df000f28a1b5b18649984fb81a7bac1ad27253c0e672765dd28ae845,6099699,1640671997,28-12-2021 06:13,0x93e92a2bc0c66a2887ecf5c918fbbd622491ed23,0xe6440028008a67c52d1a9489252112228c1dcd8d,,0,0,0,0.000373845,0,,Error(0),Out of gas,0x7818055e
0xebfe40a6a5a049f5d5389f8d259320f97350e9d7a3e82a7240603d48916f0e33,6099699,1640671997,28-12-2021 06:13,0x138b9ebec6dcf3a5293fd6f5846ccbfe7a9e856a,0xe6440028008a67c52d1a9489252112228c1dcd8d,,0,0,0,0.000373886,0,,Error(0),Out of gas,0x7818055e
0x459e4abbe419ecae1c11a6f29f63c37aa479e97b98426f4212a8990ff23d9589,6099699,1640671997,28-12-2021 06:13,0xa72e420605fd940b860c493263ce891d434782cb,0xe6440028008a67c52d1a9489252112228c1dcd8d,,0,0,0,0.000373031,0,,Error(0),Out of gas,0x7818055e
0x8d2b388bdf835104adf106b5038f9eb60d8c0d929efeee0486ba412d53bf74c7,6099699,1640671997,28-12-2021 06:13,0xa6e799871576a4337bb1ebf8e0cfe348209a9a1b,0xe6440028008a67c52d1a9489252112228c1dcd8d,,0,0,0,0.000373886,0,,Error(0),Out of gas,0x7818055e
0x1edc0d14a2a34a67e1b8256ea67f5e277e528f17f8343739baa0b009788f6e91,6099700,1640672012,28-12-2021 06:13,0xa6e799871576a4337bb1ebf8e0cfe348209a9a1b,0xe6440028008a67c52d1a9489252112228c1dcd8d,,0,0,0,0.000395336,0,,,,0x7818055e
0xd90d91c1384c1c38eb1164b3a437c0f024d5dda626f200a1007b62e6faf0975e,6099700,1640672012,28-12-2021 06:13,0x93e92a2bc0c66a2887ecf5c918fbbd622491ed23,0xe6440028008a67c52d1a9489252112228c1dcd8d,,0,0,0,0.000369645,0,,,,0x7818055e
0xfbd79471ac0d72358e85744c99b6ed5f6b4ff182d2029c0c9bd38778b58a4403,6099700,1640672012,28-12-2021 06:13,0xa72e420605fd940b860c493263ce891d434782cb,0xe6440028008a67c52d1a9489252112228c1dcd8d,,0,0,0,0.000368831,0,,,,0x7818055e
0xe0026391a8ce044dfed14d1bce95a004a19cd9d549c9f136f2c11e9eb2e2768b,6099700,1640672012,28-12-2021 06:13,0x6a09436f3cb7c3e871071033aba967327499b9d4,0xe6440028008a67c52d1a9489252112228c1dcd8d,,0,0,0,0.00036549,0,,Error(0),Out of gas,0x7818055e
0xd2fad792ca0e0d30a406fda53333f5d360bbfd84cd9fd008c6869e110b3a5398,6099700,1640672012,28-12-2021 06:13,0x138b9ebec6dcf3a5293fd6f5846ccbfe7a9e856a,0xe6440028008a67c52d1a9489252112228c1dcd8d,,0,0,0,0.000399222,0,,Error(0),Out of gas,0x7818055e
0xb1f4b78232d9dea8c38da4b50087220e835a7da2a2f970fdf3ae0f9e8ecf7448,6099701,1640672027,28-12-2021 06:13,0xa72e420605fd940b860c493263ce891d434782cb,0xe6440028008a67c52d1a9489252112228c1dcd8d,,0,0,0,0.000368831,0,,Error(0),Out of gas,0x7818055e
0xd860b05b898061e9b41b3ec9a0c4f0c4e8198c6359be25911ae16a8e4df06c5a,6099701,1640672027,28-12-2021 06:13,0x6a09436f3cb7c3e871071033aba967327499b9d4,0xe6440028008a67c52d1a9489252112228c1dcd8d,,0,0,0,0.00036249,0,,,,0x7818055e
0x88cf5445345a4a6270efe977988a4f3ff92b3a5bfec207e62071aba6fb8082a3,6099701,1640672027,28-12-2021 06:13,0x93e92a2bc0c66a2887ecf5c918fbbd622491ed23,0xe6440028008a67c52d1a9489252112228c1dcd8d,,0,0,0,0.000366698,0,,Error(0),Out of gas,0x7818055e
0x9eaa27a9982ef22f79e023c10677cf19c9a9377b12a3d29f81df80a162d127b6,6099701,1640672027,28-12-2021 06:13,0x138b9ebec6dcf3a5293fd6f5846ccbfe7a9e856a,0xe6440028008a67c52d1a9489252112228c1dcd8d,,0,0,0,0.000421803,0,,Error(0),Out of gas,0x7818055e
0xb384c2dd938260988a0227782c8a47c121f2da6fabcdd1fe41ab67d3af376e06,6099701,1640672027,28-12-2021 06:13,0xa6e799871576a4337bb1ebf8e0cfe348209a9a1b,0xe6440028008a67c52d1a9489252112228c1dcd8d,,0,0,0,0.000366738,0,,Error(0),Out of gas,0x7818055e
0x27098f669108a4246e7fee78f4043e3036cb48a14bcb54b49cb047f00b09dc41,6099702,1640672042,28-12-2021 06:14,0xa6e799871576a4337bb1ebf8e0cfe348209a9a1b,0xe6440028008a67c52d1a9489252112228c1dcd8d,,0,0,0,0.000395336,0,,,,0x7818055e
0xa8aba95c571f93bcabb3015271c6317a06375f3d969d6e5896d10ad3f718860f,6099702,1640672042,28-12-2021 06:14,0xa72e420605fd940b860c493263ce891d434782cb,0xe6440028008a67c52d1a9489252112228c1dcd8d,,0,0,0,0.000368831,0,,,,0x7818055e
0x6a85bbbfdf27101c992df124e52903d3ab1b706ec444c367e9fc15859408d782,6099702,1640672042,28-12-2021 06:14,0x93e92a2bc0c66a2887ecf5c918fbbd622491ed23,0xe6440028008a67c52d1a9489252112228c1dcd8d,,0,0,0,0.000369645,0,,,,0x7818055e
0xa15c41df1a95f38e47ff284bc83aa57f7bc17d87dab94cfceaaf1f8b6c28c255,6099702,1640672042,28-12-2021 06:14,0x138b9ebec6dcf3a5293fd6f5846ccbfe7a9e856a,0xe6440028008a67c52d1a9489252112228c1dcd8d,,0,0,0,0.000417786,0,,,,0x7818055e
0x2f65b95cef902a4c6379ee83f5243eb0e3f1193d35f3806a759a335facda947b,6099702,1640672042,28-12-2021 06:14,0x6a09436f3cb7c3e871071033aba967327499b9d4,0xe6440028008a67c52d1a9489252112228c1dcd8d,,0,0,0,0.00036549,0,,Error(0),Out of gas,0x7818055e
0xed529b1a1d583c7400abdf894d16990c4b467e76ec14169e2227ca4babe652e0,6099703,1640672057,28-12-2021 06:14,0x138b9ebec6dcf3a5293fd6f5846ccbfe7a9e856a,0xe6440028008a67c52d1a9489252112228c1dcd8d,,0,0,0,0.000369686,0,,Error(0),Out of gas,0x7818055e
0x02738632dc24f6ad388f910581882036e9a0df205f760e661bedebde3c652fed,6099703,1640672057,28-12-2021 06:14,0xa72e420605fd940b860c493263ce891d434782cb,0xe6440028008a67c52d1a9489252112228c1dcd8d,,0,0,0,0.000368831,0,,Error(0),Out of gas,0x7818055e
0x3fdee1e703a3e741e446915b14bb97cdbba3abddee1a3cc661e34be4976a537e,6099703,1640672057,28-12-2021 06:14,0x93e92a2bc0c66a2887ecf5c918fbbd622491ed23,0xe6440028008a67c52d1a9489252112228c1dcd8d,,0,0,0,0.000369645,0,,Error(0),Out of gas,0x7818055e
0x23507eccea4195bd2a916c33f8f7e6eaa03bc80ed586464d49b5a6a637e143ce,6099703,1640672057,28-12-2021 06:14,0x6a09436f3cb7c3e871071033aba967327499b9d4,0xe6440028008a67c52d1a9489252112228c1dcd8d,,0,0,0,0.00036249,0,,,,0x7818055e
0x1cbd7f7ed98cb3d809a315e3c6bcdaae338f541640a850df1b3a2583a4b555be,6099703,1640672057,28-12-2021 06:14,0xa6e799871576a4337bb1ebf8e0cfe348209a9a1b,0xe6440028008a67c52d1a9489252112228c1dcd8d,,0,0,0,0.000366738,0,,Error(0),Out of gas,0x7818055e
0x634102e0ec2501f8d11f5b713b0ce0eb7ac329f4a9498854e467726b18e997e9,6099704,1640672072,28-12-2021 06:14,0xa6e799871576a4337bb1ebf8e0cfe348209a9a1b,0xe6440028008a67c52d1a9489252112228c1dcd8d,,0,0,0,0.000395336,0,,,,0x7818055e
0x6f1b1b62acb0a4d71c12c4ec92f1ec846c34f9a07d69c26cbe7b39e8404501c5,6099704,1640672072,28-12-2021 06:14,0x6a09436f3cb7c3e871071033aba967327499b9d4,0xe6440028008a67c52d1a9489252112228c1dcd8d,,0,0,0,0.00036549,0,,Error(0),Out of gas,0x7818055e
0x02e385de0e15989f8614fab77a13afa97fa1764c348fb54ecf01932bf2b18920,6099704,1640672072,28-12-2021 06:14,0x93e92a2bc0c66a2887ecf5c918fbbd622491ed23,0xe6440028008a67c52d1a9489252112228c1dcd8d,,0,0,0,0.000369645,0,,,,0x7818055e
0x2ec9a94c74c08b1b96e53f842d23906735fd3644afad639ccea8f795cedd7b38,6099704,1640672072,28-12-2021 06:14,0xa72e420605fd940b860c493263ce891d434782cb,0xe6440028008a67c52d1a9489252112228c1dcd8d,,0,0,0,0.000368831,0,,,,0x7818055e
0xb4f12d5a4913b6e0e2630a674918f85eaf3e46cc7007ebd7be12129587e32b80,6099704,1640672072,28-12-2021 06:14,0x138b9ebec6dcf3a5293fd6f5846ccbfe7a9e856a,0xe6440028008a67c52d1a9489252112228c1dcd8d,,0,0,0,0.000369603,0,,,,0x7818055e
0xa84f7e4f0cbb904fac87f2dbd3e079928f6c8ed14553c74014c94ba98a9881b7,6099706,1640672102,28-12-2021 06:15,0x138b9ebec6dcf3a5293fd6f5846ccbfe7a9e856a,0xe6440028008a67c52d1a9489252112228c1dcd8d,,0,0,0,0.000369686,0,,Error(0),Out of gas,0x7818055e
0x2b65b39dd17ac0fde8a41b2f676e1eaa4b601a08f4552e93d09c113f0e22ef54,6099706,1640672102,28-12-2021 06:15,0xa72e420605fd940b860c493263ce891d434782cb,0xe6440028008a67c52d1a9489252112228c1dcd8d,,0,0,0,0.000368831,0,,Error(0),Out of gas,0x7818055e
0x4d46732a69011e9039fb032f794f28c3ec55907a0e1ed5f0a939ff1640374c8f,6099706,1640672102,28-12-2021 06:15,0x93e92a2bc0c66a2887ecf5c918fbbd622491ed23,0xe6440028008a67c52d1a9489252112228c1dcd8d,,0,0,0,0.000369645,0,,Error(0),Out of gas,0x7818055e
0x56951b10898d2255b168d4d84dbb4814b8d59c36ce90f9b04f56744068cabdc8,6099706,1640672102,28-12-2021 06:15,0x6a09436f3cb7c3e871071033aba967327499b9d4,0xe6440028008a67c52d1a9489252112228c1dcd8d,,0,0,0,0.00036249,0,,,,0x7818055e
0xbd69d06ff223644bc3ff83c2e3b19df8b874846900c5e527d69bf28a685718c2,6099706,1640672102,28-12-2021 06:15,0xa6e799871576a4337bb1ebf8e0cfe348209a9a1b,0xe6440028008a67c52d1a9489252112228c1dcd8d,,0,0,0,0.000366738,0,,Error(0),Out of gas,0x7818055e
0x41ec4b6d0999d8bc7a4f77bcb7d71fc5ab014919e08ff4672c202bda0d7481ec,6099707,1640672117,28-12-2021 06:15,0x93e92a2bc0c66a2887ecf5c918fbbd622491ed23,0xe6440028008a67c52d1a9489252112228c1dcd8d,,0,0,0,0.000395295,0,,,,0x7818055e
0xac1a9b70618d72ed23ff5d2d6bbcbd542e5ca15f63cf0347e59cd975c35d1d21,6099707,1640672117,28-12-2021 06:15,0x138b9ebec6dcf3a5293fd6f5846ccbfe7a9e856a,0xe6440028008a67c52d1a9489252112228c1dcd8d,,0,0,0,0.000399222,0,,Error(0),Out of gas,0x7818055e
0xca53575fde3b036b77d5caf3fe9925c27ccb853ba7ac92f6070f4bf73ab1aac0,6099707,1640672117,28-12-2021 06:15,0x6a09436f3cb7c3e871071033aba967327499b9d4,0xe6440028008a67c52d1a9489252112228c1dcd8d,,0,0,0,0.00036549,0,,Error(0),Out of gas,0x7818055e
0x6d48d6bd7da284dbc857be4a9f17fd1084503fd7b4d777c22184b6eab3686e6d,6099707,1640672117,28-12-2021 06:15,0xa6e799871576a4337bb1ebf8e0cfe348209a9a1b,0xe6440028008a67c52d1a9489252112228c1dcd8d,,0,0,0,0.000369686,0,,,,0x7818055e
0x17fff2c66e629325628652fbf73ef70dc07cc283817da3943015e54ff312f9b1,6099707,1640672117,28-12-2021 06:15,0xa72e420605fd940b860c493263ce891d434782cb,0xe6440028008a67c52d1a9489252112228c1dcd8d,,0,0,0,0.000368831,0,,,,0x7818055e
0x1958a373b6d5aebfd5b07eb314edd31655d80a7e87ba3c7663087a4e2df68e94,6099708,1640672132,28-12-2021 06:15,0xa72e420605fd940b860c493263ce891d434782cb,0xe6440028008a67c52d1a9489252112228c1dcd8d,,0,0,0,0.000368831,0,,Error(0),Out of gas,0x7818055e
0x4f4cad891f09b09b7ba5cffe8f3fe5118cb0c05b50676d7de80ec6cfcd410a67,6099708,1640672132,28-12-2021 06:15,0x6a09436f3cb7c3e871071033aba967327499b9d4,0xe6440028008a67c52d1a9489252112228c1dcd8d,,0,0,0,0.00036249,0,,,,0x7818055e
0xf3e031a347ac2153a41630417200d94f55d1cd71aecc0b442848f27656905b7c,6099708,1640672132,28-12-2021 06:15,0xa6e799871576a4337bb1ebf8e0cfe348209a9a1b,0xe6440028008a67c52d1a9489252112228c1dcd8d,,0,0,0,0.000366738,0,,Error(0),Out of gas,0x7818055e
0x3315a80b431a4f5b8b289631f05f71a2c064d4dd57ee853594a5e8a8e5a02351,6099708,1640672132,28-12-2021 06:15,0x93e92a2bc0c66a2887ecf5c918fbbd622491ed23,0xe6440028008a67c52d1a9489252112228c1dcd8d,,0,0,0,0.000366698,0,,Error(0),Out of gas,0x7818055e
0x8eeb2566774c4102bd077cc65857833eec570854051b7a0923a6a87541c56db0,6099708,1640672132,28-12-2021 06:15,0x138b9ebec6dcf3a5293fd6f5846ccbfe7a9e856a,0xe6440028008a67c52d1a9489252112228c1dcd8d,,0,0,0,0.000421803,0,,Error(0),Out of gas,0x7818055e
0x1a0c8e6f2e0906df9d35f563a7921d2f2c81c8972aa1d6798c69213660483d29,6099709,1640672147,28-12-2021 06:15,0xa6e799871576a4337bb1ebf8e0cfe348209a9a1b,0xe6440028008a67c52d1a9489252112228c1dcd8d,,0,0,0,0.000395336,0,,,,0x7818055e
0x3269893f89a133108c0d23ad7afa770ee68304d30e49cf8197874c2d94cd74a1,6099709,1640672147,28-12-2021 06:15,0x138b9ebec6dcf3a5293fd6f5846ccbfe7a9e856a,0xe6440028008a67c52d1a9489252112228c1dcd8d,,0,0,0,0.000417786,0,,,,0x7818055e
0x1f16f2caf5dd369750d1ae03607f834e23d4a9fc1b596a11d86fc8ea880a0675,6099709,1640672147,28-12-2021 06:15,0x6a09436f3cb7c3e871071033aba967327499b9d4,0xe6440028008a67c52d1a9489252112228c1dcd8d,,0,0,0,0.00036549,0,,Error(0),Out of gas,0x7818055e
0xfd0b9c4987e4139201b092e1298fbfbb1af4f86f3ae8dc3bb376e39da696ccad,6099709,1640672147,28-12-2021 06:15,0x93e92a2bc0c66a2887ecf5c918fbbd622491ed23,0xe6440028008a67c52d1a9489252112228c1dcd8d,,0,0,0,0.000369645,0,,,,0x7818055e
0x66b105d9e692094cf8ad8a74d4317110ffa8e8495424e0fd05abc7bc0b8a952b,6099709,1640672147,28-12-2021 06:15,0xa72e420605fd940b860c493263ce891d434782cb,0xe6440028008a67c52d1a9489252112228c1dcd8d,,0,0,0,0.000368831,0,,,,0x7818055e
0xb130b5a305e436b1d464a849f95abf1e2cb2efe99fb676b78d9a9ab7c02d117a,6099710,1640672162,28-12-2021 06:16,0x6a09436f3cb7c3e871071033aba967327499b9d4,0xe6440028008a67c52d1a9489252112228c1dcd8d,,0,0,0,0.00036249,0,,,,0x7818055e
0x0a815a9e547a5764301aa8b99f7ff52f6e8b29e4c448d33294e7cdef8ddf2443,6099710,1640672162,28-12-2021 06:16,0xa72e420605fd940b860c493263ce891d434782cb,0xe6440028008a67c52d1a9489252112228c1dcd8d,,0,0,0,0.000365897,0,,Error(0),Out of gas,0x7818055e
0xd5fca9a082daadfd7f176c27897a12773e50c5bf74a884809b9750d89847be5c,6099710,1640672162,28-12-2021 06:16,0x138b9ebec6dcf3a5293fd6f5846ccbfe7a9e856a,0xe6440028008a67c52d1a9489252112228c1dcd8d,,0,0,0,0.000366738,0,,Error(0),Out of gas,0x7818055e
0x612916cd838f7814ca890c9ad36eaa7cd2a5bb23aac5ceb5e61c6da66aa3159a,6099710,1640672162,28-12-2021 06:16,0xa6e799871576a4337bb1ebf8e0cfe348209a9a1b,0xe6440028008a67c52d1a9489252112228c1dcd8d,,0,0,0,0.000366738,0,,Error(0),Out of gas,0x7818055e
0x23ba78cb7dc9e01ad237ef56f99e497b4c2fc53a1e236b925c1d0ee7dbd08e6a,6099710,1640672162,28-12-2021 06:16,0x93e92a2bc0c66a2887ecf5c918fbbd622491ed23,0xe6440028008a67c52d1a9489252112228c1dcd8d,,0,0,0,0.000366698,0,,Error(0),Out of gas,0x7818055e
0xf4c3ff982863431c2a89b89805a658892f1c73965166067b0e0d5b74d7edfa5d,6099713,1640672207,28-12-2021 06:16,0xa6e799871576a4337bb1ebf8e0cfe348209a9a1b,0xe6440028008a67c52d1a9489252112228c1dcd8d,,0,0,0,0.000395336,0,,,,0x7818055e
0x648879865b0af5be975bd792422182d80180eee92d5e553e629a4c4088c677e9,6099713,1640672207,28-12-2021 06:16,0xa6e799871576a4337bb1ebf8e0cfe348209a9a1b,0xe6440028008a67c52d1a9489252112228c1dcd8d,,0,0,0,0.000361286,0,,,,0x7818055e
0x7ed4b477b453cd478749632180fd5b032265ac4c8ec7b7d345eb2e9cb54ffc7c,6099713,1640672207,28-12-2021 06:16,0x93e92a2bc0c66a2887ecf5c918fbbd622491ed23,0xe6440028008a67c52d1a9489252112228c1dcd8d,,0,0,0,0.000369563,0,,,,0x7818055e
0x0eabaaf9673c0f930ba68822ed016ee45b97a0d59a8bb0fdc5a57f4abea52302,6099713,1640672207,28-12-2021 06:16,0x93e92a2bc0c66a2887ecf5c918fbbd622491ed23,0xe6440028008a67c52d1a9489252112228c1dcd8d,,0,0,0,0.000361245,0,,,,0x7818055e
0x7162709a51e135ad3b5babe3315fa9437d5c47b8ff263193776c1852400aa895,6099713,1640672207,28-12-2021 06:16,0x138b9ebec6dcf3a5293fd6f5846ccbfe7a9e856a,0xe6440028008a67c52d1a9489252112228c1dcd8d,,0,0,0,0.000399222,0,,Error(0),Out of gas,0x7818055e
0x40a9495e1435e1559f0b063a00650923bb4b3264bd3019644b52fd0ab80c50a4,6099713,1640672207,28-12-2021 06:16,0x138b9ebec6dcf3a5293fd6f5846ccbfe7a9e856a,0xe6440028008a67c52d1a9489252112228c1dcd8d,,0,0,0,0.000417786,0,,,,0x7818055e
0x3eefe1e75380fbf54e9797c612a90f193087fc40788542878cbf6baa09eb11e4,6099713,1640672207,28-12-2021 06:16,0xa72e420605fd940b860c493263ce891d434782cb,0xe6440028008a67c52d1a9489252112228c1dcd8d,,0,0,0,0.000368831,0,,,,0x7818055e
0x88a760318a1f6b78a9763561dbaffdcccca1e16a498efbea2c0195be8a90e52c,6099713,1640672207,28-12-2021 06:16,0xa72e420605fd940b860c493263ce891d434782cb,0xe6440028008a67c52d1a9489252112228c1dcd8d,,0,0,0,0.000360431,0,,,,0x7818055e
0x7be784c834cd1141394c4e8fa904ed2b3a31807d7ec9575c967c59718657f7ed,6099713,1640672207,28-12-2021 06:16,0x6a09436f3cb7c3e871071033aba967327499b9d4,0xe6440028008a67c52d1a9489252112228c1dcd8d,,0,0,0,0.00036969,0,,Error(0),Out of gas,0x7818055e
0xd39aaf9254a703c5d9a94bbfdd8fc06d3aa867b5d62e2d54493ba732301c8d25,6099713,1640672207,28-12-2021 06:16,0x6a09436f3cb7c3e871071033aba967327499b9d4,0xe6440028008a67c52d1a9489252112228c1dcd8d,,0,0,0,0.00036249,0,,,,0x7818055e
0x67500a0592e3952b4ce8548c55518f3ad2c00fb80da6021bd0c7744c45e051be,6099714,1640672222,28-12-2021 06:17,0x6a09436f3cb7c3e871071033aba967327499b9d4,0xe6440028008a67c52d1a9489252112228c1dcd8d,,0,0,0,0.00036549,0,,Error(0),Out of gas,0x7818055e
0xba33db3c8532e86a6da932743c8dba59b18d090a9dc0ac118174e07d8aa45cae,6099714,1640672222,28-12-2021 06:17,0x93e92a2bc0c66a2887ecf5c918fbbd622491ed23,0xe6440028008a67c52d1a9489252112228c1dcd8d,,0,0,0,0.000395295,0,,Error(0),Out of gas,0x7818055e
0x0c30af558ea33e4136e2744f0bcf838a3652144574b4b0821867fc10e2c1081a,6099714,1640672222,28-12-2021 06:17,0x138b9ebec6dcf3a5293fd6f5846ccbfe7a9e856a,0xe6440028008a67c52d1a9489252112228c1dcd8d,,0,0,0,0.000395336,0,,Error(0),Out of gas,0x7818055e
0x15d5222982fb5a183470abca0e1a0352675636f52366bfcd541c6e2865de5061,6099714,1640672222,28-12-2021 06:17,0xa6e799871576a4337bb1ebf8e0cfe348209a9a1b,0xe6440028008a67c52d1a9489252112228c1dcd8d,,0,0,0,0.000395336,0,,Error(0),Out of gas,0x7818055e
0x80aead19896a7acf94f950e1410dc5703426327b9e4add2e976dcf0e5292daf8,6099714,1640672222,28-12-2021 06:17,0xa72e420605fd940b860c493263ce891d434782cb,0xe6440028008a67c52d1a9489252112228c1dcd8d,,0,0,0,0.000394481,0,,Error(0),Out of gas,0x7818055e
0x4c473f075f05eaeb5029249548d0cafb4ed6001c9e2a0048712f22eb6f5c074a,6099715,1640672237,28-12-2021 06:17,0x93e92a2bc0c66a2887ecf5c918fbbd622491ed23,0xe6440028008a67c52d1a9489252112228c1dcd8d,,0,0,0,0.000395295,0,,,,0x7818055e
0x918c66dacd36b0c52b61b3f2d68d23c121b420f77cdc7fc19d25d8fd2e62c714,6099715,1640672237,28-12-2021 06:17,0xa6e799871576a4337bb1ebf8e0cfe348209a9a1b,0xe6440028008a67c52d1a9489252112228c1dcd8d,,0,0,0,0.000369686,0,,,,0x7818055e
0xba13b2dd13a03a0204aa3bbed0ec8c58eb26a671ddbaa2533df90565469acc57,6099715,1640672237,28-12-2021 06:17,0xa72e420605fd940b860c493263ce891d434782cb,0xe6440028008a67c52d1a9489252112228c1dcd8d,,0,0,0,0.000368831,0,,,,0x7818055e
0x5fa9160edb4f1fa4f522273c6a70a3fada76b45bd25bc623310723a8b8474a6d,6099715,1640672237,28-12-2021 06:17,0x138b9ebec6dcf3a5293fd6f5846ccbfe7a9e856a,0xe6440028008a67c52d1a9489252112228c1dcd8d,,0,0,0,0.000369603,0,,,,0x7818055e
0x69e12abb9cb9e9b5f37f8b8ebaf5c0c320964b32b575206f87e778c94eefaa3b,6099715,1640672237,28-12-2021 06:17,0x6a09436f3cb7c3e871071033aba967327499b9d4,0xe6440028008a67c52d1a9489252112228c1dcd8d,,0,0,0,0.00036969,0,,Error(0),Out of gas,0x7818055e
0x27387b9694c7262eabc3d0c601568d1941c5dfa0ef892e009f4778ecef17b222,6099717,1640672267,28-12-2021 06:17,0x138b9ebec6dcf3a5293fd6f5846ccbfe7a9e856a,0xe6440028008a67c52d1a9489252112228c1dcd8d,,0,0,0,0.000369686,0,,Error(0),Out of gas,0x7818055e
0xf870cf02ddec21fce2aab2f383cbef2ad86726af0188a3cd8c9583ab4725aa11,6099717,1640672267,28-12-2021 06:17,0x93e92a2bc0c66a2887ecf5c918fbbd622491ed23,0xe6440028008a67c52d1a9489252112228c1dcd8d,,0,0,0,0.000369645,0,,Error(0),Out of gas,0x7818055e
0xfd1437741786c99643a4406b9dc9be1fab828fb3ffcb7d44978316059ca00218,6099717,1640672267,28-12-2021 06:17,0x6a09436f3cb7c3e871071033aba967327499b9d4,0xe6440028008a67c52d1a9489252112228c1dcd8d,,0,0,0,0.00036249,0,,,,0x7818055e
0x0056542b38173345f681ff264b56671e3859a457176701af28627ed0be5b2705,6099717,1640672267,28-12-2021 06:17,0xa6e799871576a4337bb1ebf8e0cfe348209a9a1b,0xe6440028008a67c52d1a9489252112228c1dcd8d,,0,0,0,0.000366738,0,,Error(0),Out of gas,0x7818055e
0xc330b81efd7ff129817b16e63b6963042b2ff89751fed58fb9a1e5bd1b9039f6,6099717,1640672267,28-12-2021 06:17,0xa72e420605fd940b860c493263ce891d434782cb,0xe6440028008a67c52d1a9489252112228c1dcd8d,,0,0,0,0.000373031,0,,Error(0),Out of gas,0x7818055e
0xc0198198f181f000b60e89808dbb293fe108115d70a5b53f8d0cde68b98a3957,6099718,1640672282,28-12-2021 06:18,0xa72e420605fd940b860c493263ce891d434782cb,0xe6440028008a67c52d1a9489252112228c1dcd8d,,0,0,0,0.000394481,0,,,,0x7818055e
0xfeb5a6b498bf90ed64609a4ec29f34c9b4bd6a4ce697d6cc715893283e7a544e,6099718,1640672282,28-12-2021 06:18,0x6a09436f3cb7c3e871071033aba967327499b9d4,0xe6440028008a67c52d1a9489252112228c1dcd8d,,0,0,0,0.00036549,0,,Error(0),Out of gas,0x7818055e
0x0b4e1aaffc6051f923197506b38a1529a7dd518122dab50334c9916e9201b97d,6099718,1640672282,28-12-2021 06:18,0x93e92a2bc0c66a2887ecf5c918fbbd622491ed23,0xe6440028008a67c52d1a9489252112228c1dcd8d,,0,0,0,0.000369645,0,,,,0x7818055e
0xe786713bea2b59fc48c8bbc83cd500a0c9aab887d55a7687a2f09fe1df19d9ea,6099718,1640672282,28-12-2021 06:18,0x138b9ebec6dcf3a5293fd6f5846ccbfe7a9e856a,0xe6440028008a67c52d1a9489252112228c1dcd8d,,0,0,0,0.000399222,0,,Error(0),Out of gas,0x7818055e
0x1ae5100f09129e4d32bef62871a4f77467b0cb01cc9a15ab5c5c507a9372e848,6099718,1640672282,28-12-2021 06:18,0xa6e799871576a4337bb1ebf8e0cfe348209a9a1b,0xe6440028008a67c52d1a9489252112228c1dcd8d,,0,0,0,0.000369686,0,,,,0x7818055e
0xc5cda1ecf89ddd4d9e9157b14d715d984beffe1662060348f369db8dd3426607,6099719,1640672297,28-12-2021 06:18,0xa72e420605fd940b860c493263ce891d434782cb,0xe6440028008a67c52d1a9489252112228c1dcd8d,,0,0,0,0.000368831,0,,Error(0),Out of gas,0x7818055e
0xb91c01165a59c98d3b9a6c5b5393c3ee85509c0174e9433979c9909854ad912e,6099719,1640672297,28-12-2021 06:18,0x93e92a2bc0c66a2887ecf5c918fbbd622491ed23,0xe6440028008a67c52d1a9489252112228c1dcd8d,,0,0,0,0.000369645,0,,Error(0),Out of gas,0x7818055e
0x2a0d647dab3c6f19df891e9c9844d5865b6bb25f9fca23e07504f94897ea7021,6099719,1640672297,28-12-2021 06:18,0xa6e799871576a4337bb1ebf8e0cfe348209a9a1b,0xe6440028008a67c52d1a9489252112228c1dcd8d,,0,0,0,0.000369686,0,,Error(0),Out of gas,0x7818055e
0x6b0f2e738b6637341866fea71ab4faa5ad5b2a666a4254e383c738653143f985,6099719,1640672297,28-12-2021 06:18,0x138b9ebec6dcf3a5293fd6f5846ccbfe7a9e856a,0xe6440028008a67c52d1a9489252112228c1dcd8d,,0,0,0,0.000417786,0,,,,0x7818055e
0x08aec7a8704d3b8920f339112116fd572d25a92151862ac3235232bc89181ac6,6099719,1640672297,28-12-2021 06:18,0x6a09436f3cb7c3e871071033aba967327499b9d4,0xe6440028008a67c52d1a9489252112228c1dcd8d,,0,0,0,0.00036249,0,,,,0x7818055e
0x2725f033cc63dadd4fc13e7402550a37362a97212a4c9c3ed46b5101aa98ba59,6099720,1640672312,28-12-2021 06:18,0x138b9ebec6dcf3a5293fd6f5846ccbfe7a9e856a,0xe6440028008a67c52d1a9489252112228c1dcd8d,,0,0,0,0.000395336,0,,,,0x7818055e
0x1846f76a32368099b1ff07964bc409884668420d086783e5b5c7e43c5cb5752b,6099720,1640672312,28-12-2021 06:18,0x6a09436f3cb7c3e871071033aba967327499b9d4,0xe6440028008a67c52d1a9489252112228c1dcd8d,,0,0,0,0.00036549,0,,Error(0),Out of gas,0x7818055e
0xdb9b6c420f1e3e8fa3fcef2dd9924ef6e8d882fe6fd75dc2214949cc201e52d8,6099720,1640672312,28-12-2021 06:18,0xa6e799871576a4337bb1ebf8e0cfe348209a9a1b,0xe6440028008a67c52d1a9489252112228c1dcd8d,,0,0,0,0.000369686,0,,,,0x7818055e
0x85f5e9febc100a799c6b5297707a4983461dc3012a59a573b6871ee405c1438e,6099720,1640672312,28-12-2021 06:18,0x93e92a2bc0c66a2887ecf5c918fbbd622491ed23,0xe6440028008a67c52d1a9489252112228c1dcd8d,,0,0,0,0.000369645,0,,,,0x7818055e
0x2d7f1a1420bfc9b264afd73c9bcef34a20ce7b8cdd567d3da0a879db12128475,6099720,1640672312,28-12-2021 06:18,0xa72e420605fd940b860c493263ce891d434782cb,0xe6440028008a67c52d1a9489252112228c1dcd8d,,0,0,0,0.000368831,0,,,,0x7818055e
0x137b37264bd7a9d885ce3be18b7a2dd470434a8b8a0fb073b24667c239879fe7,6099722,1640672342,28-12-2021 06:19,0xa6e799871576a4337bb1ebf8e0cfe348209a9a1b,0xe6440028008a67c52d1a9489252112228c1dcd8d,,0,0,0,0.000369686,0,,Error(0),Out of gas,0x7818055e
0xa6d93881755eda3a7461b9b6ef7620cb8a6799b97d34113d00e26fe4a335d312,6099722,1640672342,28-12-2021 06:19,0xa72e420605fd940b860c493263ce891d434782cb,0xe6440028008a67c52d1a9489252112228c1dcd8d,,0,0,0,0.000368831,0,,Error(0),Out of gas,0x7818055e
0xb059d7efc1f19fce223d852e398a5ee929f52eaa38e7937fc8c189091f07147c,6099722,1640672342,28-12-2021 06:19,0x93e92a2bc0c66a2887ecf5c918fbbd622491ed23,0xe6440028008a67c52d1a9489252112228c1dcd8d,,0,0,0,0.000369645,0,,Error(0),Out of gas,0x7818055e
0xf3c25fcbc07a5a91dcf1457b21543034013b816d6cdd6899bfea066acdf301d6,6099722,1640672342,28-12-2021 06:19,0x138b9ebec6dcf3a5293fd6f5846ccbfe7a9e856a,0xe6440028008a67c52d1a9489252112228c1dcd8d,,0,0,0,0.000369686,0,,Error(0),Out of gas,0x7818055e
0xf77c341f477505aae424f931517f71c1a72a65c33ed6bb40a6067437922dc05d,6099722,1640672342,28-12-2021 06:19,0x6a09436f3cb7c3e871071033aba967327499b9d4,0xe6440028008a67c52d1a9489252112228c1dcd8d,,0,0,0,0.00036249,0,,,,0x7818055e
0x1b26a0f168d2ed92821612cf6a5be944e5c970a5d64c89916609c75bdefa9a7a,6099723,1640672357,28-12-2021 06:19,0xa6e799871576a4337bb1ebf8e0cfe348209a9a1b,0xe6440028008a67c52d1a9489252112228c1dcd8d,,0,0,0,0.000395336,0,,,,0x7818055e
0x5eeda91726d5f7f5d37a1bff36ba3d87e30797c6aec4749d0881f3303dc1f93f,6099723,1640672357,28-12-2021 06:19,0xa72e420605fd940b860c493263ce891d434782cb,0xe6440028008a67c52d1a9489252112228c1dcd8d,,0,0,0,0.000368831,0,,,,0x7818055e
0x86faa4a7a210f2743b49b64c6fc35abd141f09685b83559745d7457725ed8b36,6099723,1640672357,28-12-2021 06:19,0x93e92a2bc0c66a2887ecf5c918fbbd622491ed23,0xe6440028008a67c52d1a9489252112228c1dcd8d,,0,0,0,0.000369645,0,,,,0x7818055e
0x261bcb1a2132fb848502932885c3e920bc7763086ccfac47dbc5f1e57b844d72,6099723,1640672357,28-12-2021 06:19,0x6a09436f3cb7c3e871071033aba967327499b9d4,0xe6440028008a67c52d1a9489252112228c1dcd8d,,0,0,0,0.00036549,0,,Error(0),Out of gas,0x7818055e
0x1efbabe4c43291cb852f37a12831b7cf82394b447d0c67b0d6f4154aa2ab1e71,6099723,1640672357,28-12-2021 06:19,0x138b9ebec6dcf3a5293fd6f5846ccbfe7a9e856a,0xe6440028008a67c52d1a9489252112228c1dcd8d,,0,0,0,0.000399222,0,,Error(0),Out of gas,0x7818055e
0xc75ed482fc0dd590dd8a3c6c886f87a41ad3e7e9c109850331f946a99797cf62,6099724,1640672372,28-12-2021 06:19,0x138b9ebec6dcf3a5293fd6f5846ccbfe7a9e856a,0xe6440028008a67c52d1a9489252112228c1dcd8d,,0,0,0,0.000417786,0,,,,0x7818055e
0x357e15b66ce56a6e4ae6837fe6a1539005a5efff7eeb51cc0ecf053d2c15756e,6099724,1640672372,28-12-2021 06:19,0xa72e420605fd940b860c493263ce891d434782cb,0xe6440028008a67c52d1a9489252112228c1dcd8d,,0,0,0,0.000368831,0,,Error(0),Out of gas,0x7818055e
0x97520af71f10bf1e617e9b81786a388cdf2480e20880c6482c8f7992b7355c51,6099724,1640672372,28-12-2021 06:19,0xa6e799871576a4337bb1ebf8e0cfe348209a9a1b,0xe6440028008a67c52d1a9489252112228c1dcd8d,,0,0,0,0.000369686,0,,Error(0),Out of gas,0x7818055e
0x0ab8a586c0841f1e4b824338b80da85532c3d50abd54f401ba97250c1813cee9,6099724,1640672372,28-12-2021 06:19,0x93e92a2bc0c66a2887ecf5c918fbbd622491ed23,0xe6440028008a67c52d1a9489252112228c1dcd8d,,0,0,0,0.000369645,0,,Error(0),Out of gas,0x7818055e
0x6822b44a5a9e9e93856604a0b68cc071f184b916b4f28cf23d8b0f3a641d63a4,6099724,1640672372,28-12-2021 06:19,0x6a09436f3cb7c3e871071033aba967327499b9d4,0xe6440028008a67c52d1a9489252112228c1dcd8d,,0,0,0,0.00036249,0,,,,0x7818055e
0x441399dcde34cf0e2d4068241bc2a4137dd9c42249e4f1d8d8c79a95a386ebc1,6099726,1640672402,28-12-2021 06:20,0x6a09436f3cb7c3e871071033aba967327499b9d4,0xe6440028008a67c52d1a9489252112228c1dcd8d,,0,0,0,0.00036549,0,,Error(0),Out of gas,0x7818055e
0x73fce3311cd266038f314bcd6b30654b89b4d26e28e9fae83ab65c5c0954b70a,6099726,1640672402,28-12-2021 06:20,0x138b9ebec6dcf3a5293fd6f5846ccbfe7a9e856a,0xe6440028008a67c52d1a9489252112228c1dcd8d,,0,0,0,0.000395336,0,,Error(0),Out of gas,0x7818055e
0xae1f97e3c065ffd913913b19c796c59689813e3b95c961536f59cab919f10925,6099726,1640672402,28-12-2021 06:20,0xa72e420605fd940b860c493263ce891d434782cb,0xe6440028008a67c52d1a9489252112228c1dcd8d,,0,0,0,0.000394481,0,,,,0x7818055e
0xc156b53968dbe561b989cb858c0c67ed3be56b376d8276f633794ba66afad985,6099726,1640672402,28-12-2021 06:20,0xa6e799871576a4337bb1ebf8e0cfe348209a9a1b,0xe6440028008a67c52d1a9489252112228c1dcd8d,,0,0,0,0.000369686,0,,,,0x7818055e
0x7ee989b1bf9efe8413a4aabc62b4b02056933282251a53046ef391650cf6c7db,6099726,1640672402,28-12-2021 06:20,0x93e92a2bc0c66a2887ecf5c918fbbd622491ed23,0xe6440028008a67c52d1a9489252112228c1dcd8d,,0,0,0,0.000369645,0,,,,0x7818055e
0x7a4a3be200ada778702c5a5630da75c5b788159c7debe49f991211fc32a86fc1,6099727,1640672417,28-12-2021 06:20,0x93e92a2bc0c66a2887ecf5c918fbbd622491ed23,0xe6440028008a67c52d1a9489252112228c1dcd8d,,0,0,0,0.000369645,0,,Error(0),Out of gas,0x7818055e
0x0dafde1fb8004fb4924d71b83c956f5424ec8ed7f5a54d276de8e2c7b6a44bc4,6099727,1640672417,28-12-2021 06:20,0x6a09436f3cb7c3e871071033aba967327499b9d4,0xe6440028008a67c52d1a9489252112228c1dcd8d,,0,0,0,0.00036249,0,,,,0x7818055e
0x8b4d21d672d1b952ce057e46b101f544eef7ec17c574846a5951c19d351a0d19,6099727,1640672417,28-12-2021 06:20,0x138b9ebec6dcf3a5293fd6f5846ccbfe7a9e856a,0xe6440028008a67c52d1a9489252112228c1dcd8d,,0,0,0,0.000373803,0,,Error(0),Out of gas,0x7818055e
0xe14d9dcc5b88e32523171b145eb0abbc5b92852c516e0492f07570c51ae6dd63,6099727,1640672417,28-12-2021 06:20,0xa6e799871576a4337bb1ebf8e0cfe348209a9a1b,0xe6440028008a67c52d1a9489252112228c1dcd8d,,0,0,0,0.000366738,0,,Error(0),Out of gas,0x7818055e
0x0ce5fe576e4567b3f2b64b4c34b5650b39ed772770a182089135b22b29608cbb,6099727,1640672417,28-12-2021 06:20,0xa72e420605fd940b860c493263ce891d434782cb,0xe6440028008a67c52d1a9489252112228c1dcd8d,,0,0,0,0.000365897,0,,Error(0),Out of gas,0x7818055e
0xa9535fe5ed7d3bad64c6e6f9e9279bf72666170cddc9503d3a4b6279ef0b15c9,6099728,1640672432,28-12-2021 06:20,0x6a09436f3cb7c3e871071033aba967327499b9d4,0xe6440028008a67c52d1a9489252112228c1dcd8d,,0,0,0,0.00036549,0,,,,0x7818055e
0xc779606d00f9840f534c888f17fd4ef0e35d6e7e39391aa7d891d6f8b59b7e6c,6099728,1640672432,28-12-2021 06:20,0xa6e799871576a4337bb1ebf8e0cfe348209a9a1b,0xe6440028008a67c52d1a9489252112228c1dcd8d,,0,0,0,0.000395336,0,,,,0x7818055e
0x5deea0cec6e01a20502d2e4dcdfbb99fe6b75bb8dcd83ab1050057d0e8347fde,6099728,1640672432,28-12-2021 06:20,0x93e92a2bc0c66a2887ecf5c918fbbd622491ed23,0xe6440028008a67c52d1a9489252112228c1dcd8d,,0,0,0,0.000369645,0,,,,0x7818055e
0xcc33ccd0dc1429b62d225ad4052c5dc75bfea80089abdbd9212b20470fea071b,6099728,1640672432,28-12-2021 06:20,0x138b9ebec6dcf3a5293fd6f5846ccbfe7a9e856a,0xe6440028008a67c52d1a9489252112228c1dcd8d,,0,0,0,0.000417786,0,,,,0x7818055e
0xf8ae9b69f85dffb490049de98488b61ce3145aaee70d8b67d0a93c318b46442d,6099728,1640672432,28-12-2021 06:20,0xa72e420605fd940b860c493263ce891d434782cb,0xe6440028008a67c52d1a9489252112228c1dcd8d,,0,0,0,0.000368831,0,,,,0x7818055e
0x6dd105d312245cc3da9c9e0d999f3e09f7f2050bea8bb1912d90cb290ab1d30b,6099729,1640672447,28-12-2021 06:20,0xa72e420605fd940b860c493263ce891d434782cb,0xe6440028008a67c52d1a9489252112228c1dcd8d,,0,0,0,0.000368831,0,,Error(0),Out of gas,0x7818055e
0x63f22c2314dbf39a398570c6e0e879b4df9cb106da5cfcbc193891ab895ffa15,6099729,1640672447,28-12-2021 06:20,0x138b9ebec6dcf3a5293fd6f5846ccbfe7a9e856a,0xe6440028008a67c52d1a9489252112228c1dcd8d,,0,0,0,0.000369686,0,,Error(0),Out of gas,0x7818055e
0xbc168073e3d68d921398b36527e5b12f89705da8087380bd123e15c4707de16c,6099729,1640672447,28-12-2021 06:20,0x93e92a2bc0c66a2887ecf5c918fbbd622491ed23,0xe6440028008a67c52d1a9489252112228c1dcd8d,,0,0,0,0.000369645,0,,Error(0),Out of gas,0x7818055e
0xa36ae8e4efbc36d8f51004a76bb01328a64fc291af2adf01e39836581a0dd2f9,6099729,1640672447,28-12-2021 06:20,0x6a09436f3cb7c3e871071033aba967327499b9d4,0xe6440028008a67c52d1a9489252112228c1dcd8d,,0,0,0,0.00036969,0,,Error(0),Out of gas,0x7818055e
0x39fc71c99218d4e20c9ea59472f2455a25e09c04990f95445aedea9972517027,6099729,1640672447,28-12-2021 06:20,0xa6e799871576a4337bb1ebf8e0cfe348209a9a1b,0xe6440028008a67c52d1a9489252112228c1dcd8d,,0,0,0,0.000369686,0,,Error(0),Out of gas,0x7818055e
0xddb685979df2b7f4e3555e8dc7cf57b92221ce1ee433da02f82ef648b3e64f29,6099730,1640672462,28-12-2021 06:21,0x93e92a2bc0c66a2887ecf5c918fbbd622491ed23,0xe6440028008a67c52d1a9489252112228c1dcd8d,,0,0,0,0.000369645,0,,,,0x7818055e
0x30c33bc854fabc03532c0fdb05266378b505696516d8b01f8b15638c9b93d9f6,6099730,1640672462,28-12-2021 06:21,0x6a09436f3cb7c3e871071033aba967327499b9d4,0xe6440028008a67c52d1a9489252112228c1dcd8d,,0,0,0,0.00036249,0,,,,0x7818055e
0x042c5be6e40dec1813e419aa2d604796c63e1606b573c7c93038dcc44ba4c3ff,6099730,1640672462,28-12-2021 06:21,0xa72e420605fd940b860c493263ce891d434782cb,0xe6440028008a67c52d1a9489252112228c1dcd8d,,0,0,0,0.000373031,0,,Error(0),Out of gas,0x7818055e
0x3f83d26615b2064111050495fd27d0506c4bc8928f2a41b95004087abbe12f96,6099730,1640672462,28-12-2021 06:21,0xa6e799871576a4337bb1ebf8e0cfe348209a9a1b,0xe6440028008a67c52d1a9489252112228c1dcd8d,,0,0,0,0.000373886,0,,Error(0),Out of gas,0x7818055e
0x8bc00d87b552c76f34d879f105cb7fd6804ecf91b6df3729395464616bfefe80,6099730,1640672462,28-12-2021 06:21,0x138b9ebec6dcf3a5293fd6f5846ccbfe7a9e856a,0xe6440028008a67c52d1a9489252112228c1dcd8d,,0,0,0,0.000373886,0,,Error(0),Out of gas,0x7818055e
0x111a90dca21f87c0167c66b66960b7e7dc75a34d6c30a55d1c012734959c94b1,6099731,1640672477,28-12-2021 06:21,0x138b9ebec6dcf3a5293fd6f5846ccbfe7a9e856a,0xe6440028008a67c52d1a9489252112228c1dcd8d,,0,0,0,0.000399453,0,,Error(0),Out of gas,0x7818055e
0x6698b7ca4d336f8cbcb313475cfd69fcce37fe8ecf8e0d19aa47e0ef9a83c450,6099731,1640672477,28-12-2021 06:21,0xa72e420605fd940b860c493263ce891d434782cb,0xe6440028008a67c52d1a9489252112228c1dcd8d,,0,0,0,0.000394481,0,,,,0x7818055e
0xcec70707db4f3d1b0bd769d77ca2f34e3f9cef1b62bb67a429f58a45da2453cc,6099731,1640672477,28-12-2021 06:21,0x6a09436f3cb7c3e871071033aba967327499b9d4,0xe6440028008a67c52d1a9489252112228c1dcd8d,,0,0,0,0.00036549,0,,Error(0),Out of gas,0x7818055e
0x814eecdd98f2058eedf104be11838d3e01e0c4d80e7bf8a41597c96e4a37d526,6099731,1640672477,28-12-2021 06:21,0x93e92a2bc0c66a2887ecf5c918fbbd622491ed23,0xe6440028008a67c52d1a9489252112228c1dcd8d,,0,0,0,0.000369645,0,,,,0x7818055e
0x80ae6b9c97b5c7fa6beb7b264d82031c228a4bcc9355970cd3f3b3ccfb1c542e,6099731,1640672477,28-12-2021 06:21,0xa6e799871576a4337bb1ebf8e0cfe348209a9a1b,0xe6440028008a67c52d1a9489252112228c1dcd8d,,0,0,0,0.000369686,0,,,,0x7818055e
0x82a334fd5866c0d2cc666964561e26bc74b3c51f74cccbdaab57664d82b12c5b,6099732,1640672492,28-12-2021 06:21,0xa72e420605fd940b860c493263ce891d434782cb,0xe6440028008a67c52d1a9489252112228c1dcd8d,,0,0,0,0.000368831,0,,Error(0),Out of gas,0x7818055e
0xc0ccbfa91a9d1b94b326a65c86347e2f7c56b341c001ef406e68b0d48a89ddd6,6099732,1640672492,28-12-2021 06:21,0x138b9ebec6dcf3a5293fd6f5846ccbfe7a9e856a,0xe6440028008a67c52d1a9489252112228c1dcd8d,,0,0,0,0.000417786,0,,,,0x7818055e
0xb0b2bbe61b885785387e06c7d9e51171e637d076fab5233dfec97f769650e4ee,6099732,1640672492,28-12-2021 06:21,0xa6e799871576a4337bb1ebf8e0cfe348209a9a1b,0xe6440028008a67c52d1a9489252112228c1dcd8d,,0,0,0,0.000369686,0,,Error(0),Out of gas,0x7818055e
0x1ffdc70cf22dd225ce713aa78cfe5474da82a9406aff442692c61c9aa4f29f4b,6099732,1640672492,28-12-2021 06:21,0x6a09436f3cb7c3e871071033aba967327499b9d4,0xe6440028008a67c52d1a9489252112228c1dcd8d,,0,0,0,0.00036249,0,,,,0x7818055e
0x856729b9dcfcf4f4d132757f2a49423123bc119ea08d9f9a351dfb852ba3f1cf,6099732,1640672492,28-12-2021 06:21,0x93e92a2bc0c66a2887ecf5c918fbbd622491ed23,0xe6440028008a67c52d1a9489252112228c1dcd8d,,0,0,0,0.000366698,0,,Error(0),Out of gas,0x7818055e
0x5e91cf55d38f7023a7712eb5acb6c7bcf9c44433fd195e44c2bb862095190fbc,6099733,1640672507,28-12-2021 06:21,0xa72e420605fd940b860c493263ce891d434782cb,0xe6440028008a67c52d1a9489252112228c1dcd8d,,0,0,0,0.000394481,0,,,,0x7818055e
0xb4303039ab01a556d3d8f77ee86b39d29d15db78a772d9075a2ce36fcf3ddbb4,6099733,1640672507,28-12-2021 06:21,0x138b9ebec6dcf3a5293fd6f5846ccbfe7a9e856a,0xe6440028008a67c52d1a9489252112228c1dcd8d,,0,0,0,0.000369686,0,,,,0x7818055e
0x7b7eb890980aa95276457e0bc906095f4590749d8829666c81a4b3e63653076f,6099733,1640672507,28-12-2021 06:21,0xa6e799871576a4337bb1ebf8e0cfe348209a9a1b,0xe6440028008a67c52d1a9489252112228c1dcd8d,,0,0,0,0.000369686,0,,,,0x7818055e
0xa46bac9943609a4d655b3542f4580887da741bcff8a1a3fa62c3d8803be46026,6099735,1640672537,28-12-2021 06:22,0x138b9ebec6dcf3a5293fd6f5846ccbfe7a9e856a,0xe6440028008a67c52d1a9489252112228c1dcd8d,,0,0,0,0.000369686,0,,Error(0),Out of gas,0x7818055e
0x794daefc63997ce046618f1717ff746ecc5294c364b844eb97e6c521408280c0,6099735,1640672537,28-12-2021 06:22,0xa72e420605fd940b860c493263ce891d434782cb,0xe6440028008a67c52d1a9489252112228c1dcd8d,,0,0,0,0.000368831,0,,Error(0),Out of gas,0x7818055e
0x2ccb6ae49d086ba93167ecc63e63aea48771e52efba90650241ab6b652b83121,6099735,1640672537,28-12-2021 06:22,0xa6e799871576a4337bb1ebf8e0cfe348209a9a1b,0xe6440028008a67c52d1a9489252112228c1dcd8d,,0,0,0,0.000369686,0,,Error(0),Out of gas,0x7818055e
0xd941fe86754d341cae00fe68f2cbc4ab6e88e565cf25cebe8abc5fd6015718af,6099735,1640672537,28-12-2021 06:22,0x93e92a2bc0c66a2887ecf5c918fbbd622491ed23,0xe6440028008a67c52d1a9489252112228c1dcd8d,,0,0,0,0.000369563,0,,,,0x7818055e
0x9aa63caffd755e20a7fc158a24a2afe4fb6bcead2317b1f39e3315d74e6b13b3,6099735,1640672537,28-12-2021 06:22,0x93e92a2bc0c66a2887ecf5c918fbbd622491ed23,0xe6440028008a67c52d1a9489252112228c1dcd8d,,0,0,0,0.000361245,0,,,,0x7818055e
0xfe60fd802b1554c97c4f5d2fda904ff746de73ca31e621d86072e501f8d5e85f,6099735,1640672537,28-12-2021 06:22,0x6a09436f3cb7c3e871071033aba967327499b9d4,0xe6440028008a67c52d1a9489252112228c1dcd8d,,0,0,0,0.00036549,0,,Error(0),Out of gas,0x7818055e
0xa29f4a81a0d2e235972d441695cf344dac4544f7c221981c3a17fcc24a43fc5d,6099735,1640672537,28-12-2021 06:22,0x6a09436f3cb7c3e871071033aba967327499b9d4,0xe6440028008a67c52d1a9489252112228c1dcd8d,,0,0,0,0.00036249,0,,,,0x7818055e
0xc4fe67483b76f939715b12867c01e7bc495d40c7fbb1a3f2e944e94cf67ff014,6099736,1640672552,28-12-2021 06:22,0xa6e799871576a4337bb1ebf8e0cfe348209a9a1b,0xe6440028008a67c52d1a9489252112228c1dcd8d,,0,0,0,0.000373886,0,,Error(0),Out of gas,0x7818055e
0x36a963fb00d78d6ced380e7197da8c913d32edeec278f36558603283f7853804,6099736,1640672552,28-12-2021 06:22,0x93e92a2bc0c66a2887ecf5c918fbbd622491ed23,0xe6440028008a67c52d1a9489252112228c1dcd8d,,0,0,0,0.000395295,0,,Error(0),Out of gas,0x7818055e
0x3dc929668e2dc2d27b91e7de667f2520dbf910d4f9c25b215a73733effa1b2ba,6099736,1640672552,28-12-2021 06:22,0x138b9ebec6dcf3a5293fd6f5846ccbfe7a9e856a,0xe6440028008a67c52d1a9489252112228c1dcd8d,,0,0,0,0.000399453,0,,Error(0),Out of gas,0x7818055e
0xa0f42feadeaf7518c5ec1542b8d584c1483cd395aa65579396e7be858018172e,6099736,1640672552,28-12-2021 06:22,0xa72e420605fd940b860c493263ce891d434782cb,0xe6440028008a67c52d1a9489252112228c1dcd8d,,0,0,0,0.000394481,0,,,,0x7818055e
0xf302d7832d73d46c08f8165ea88f1d933be26679cc8faa081807b25bf5be1cd1,6099737,1640672567,28-12-2021 06:22,0xa6e799871576a4337bb1ebf8e0cfe348209a9a1b,0xe6440028008a67c52d1a9489252112228c1dcd8d,,0,0,0,0.000369686,0,,,,0x7818055e
0x5e01ddc132b54208115e7230736966d0ebc523d552dbc646bfce2fa701c37a71,6099737,1640672567,28-12-2021 06:22,0x138b9ebec6dcf3a5293fd6f5846ccbfe7a9e856a,0xe6440028008a67c52d1a9489252112228c1dcd8d,,0,0,0,0.000417786,0,,,,0x7818055e
0xbe87010d3fc8a2a6dc52237134839b0aa409d61365ca98f5e5a944d61cae0385,6099737,1640672567,28-12-2021 06:22,0xa72e420605fd940b860c493263ce891d434782cb,0xe6440028008a67c52d1a9489252112228c1dcd8d,,0,0,0,0.000368831,0,,Error(0),Out of gas,0x7818055e
0xf324efe7aca0546ec6eea671b24477469d7b9e2fb1b5c832aeb2fba102322b83,6099737,1640672567,28-12-2021 06:22,0x93e92a2bc0c66a2887ecf5c918fbbd622491ed23,0xe6440028008a67c52d1a9489252112228c1dcd8d,,0,0,0,0.000369645,0,,,,0x7818055e
0xc4b3b67222b38a776efe75e1c092b328965230aaa48d2dcb2a76b179751f5951,6099738,1640672582,28-12-2021 06:23,0xa72e420605fd940b860c493263ce891d434782cb,0xe6440028008a67c52d1a9489252112228c1dcd8d,,0,0,0,0.000368831,0,,,,0x7818055e
0x0ac82d905c3828aad4244b8ae6c41d7766c760b690cc1be127ab16a6ab701f61,6099738,1640672582,28-12-2021 06:23,0x93e92a2bc0c66a2887ecf5c918fbbd622491ed23,0xe6440028008a67c52d1a9489252112228c1dcd8d,,0,0,0,0.000369645,0,,Error(0),Out of gas,0x7818055e
0xb507a1f6c9959996af99087c2b3dff4ea2fa455e04f76b3098396219e192461a,6099738,1640672582,28-12-2021 06:23,0x138b9ebec6dcf3a5293fd6f5846ccbfe7a9e856a,0xe6440028008a67c52d1a9489252112228c1dcd8d,,0,0,0,0.000369686,0,,Error(0),Out of gas,0x7818055e
0x6c79dc292bb476786a978df6df3a238d8957acb18023bfcdf4fd5ea2bb6ec2c1,6099738,1640672582,28-12-2021 06:23,0xa6e799871576a4337bb1ebf8e0cfe348209a9a1b,0xe6440028008a67c52d1a9489252112228c1dcd8d,,0,0,0,0.000369686,0,,Error(0),Out of gas,0x7818055e
0x8fb8af9ec901b3195e37129a5025e26af3272791f00b4f056c94e095aea4c928,6099739,1640672597,28-12-2021 06:23,0xa6e799871576a4337bb1ebf8e0cfe348209a9a1b,0xe6440028008a67c52d1a9489252112228c1dcd8d,,0,0,0,0.000369686,0,,,,0x7818055e
0x197709806c605a50d4c889f5eaeac0ea761b167cd721558148b9024aef45de75,6099739,1640672597,28-12-2021 06:23,0xa72e420605fd940b860c493263ce891d434782cb,0xe6440028008a67c52d1a9489252112228c1dcd8d,,0,0,0,0.000368831,0,,Error(0),Out of gas,0x7818055e
0x381356750b02a6f3ab82dacfcea22c6659fb5c80cf3c1b07d32c69659a080805,6099739,1640672597,28-12-2021 06:23,0x93e92a2bc0c66a2887ecf5c918fbbd622491ed23,0xe6440028008a67c52d1a9489252112228c1dcd8d,,0,0,0,0.000369645,0,,,,0x7818055e
0x4bfdabf089e7df055637988f8672f76b4e52d3826df028490325854b5c43a83a,6099739,1640672597,28-12-2021 06:23,0x138b9ebec6dcf3a5293fd6f5846ccbfe7a9e856a,0xe6440028008a67c52d1a9489252112228c1dcd8d,,0,0,0,0.000369603,0,,,,0x7818055e
0x6c1067f61408af38485dc1fdfbb316e1d4ceef8744949a301ccd9ebf76ba2371,6099744,1640672672,28-12-2021 06:24,0xa6e799871576a4337bb1ebf8e0cfe348209a9a1b,0xe6440028008a67c52d1a9489252112228c1dcd8d,,0,0,0,0.000369686,0,,,,0x7818055e
0x14fc2379434db80ffe0b1dba367bb0ab8791b23faaab6ceb881f8139bd4fe732,6099744,1640672672,28-12-2021 06:24,0x138b9ebec6dcf3a5293fd6f5846ccbfe7a9e856a,0xe6440028008a67c52d1a9489252112228c1dcd8d,,0,0,0,0.000417786,0,,,,0x7818055e
0x7e6c714af496aaf1e1a6fc5d198a29f6d92eb1d8bb1e2a8c3ec0052040484691,6099744,1640672672,28-12-2021 06:24,0xa72e420605fd940b860c493263ce891d434782cb,0xe6440028008a67c52d1a9489252112228c1dcd8d,,0,0,0,0.000373031,0,,Error(0),Out of gas,0x7818055e
0xc4ea3a686b4365ac4c00cb557ee74fd41ebd0408a26f06a84c694192641b1893,6099761,1640672927,28-12-2021 06:28,0x6a09436f3cb7c3e871071033aba967327499b9d4,0xe6440028008a67c52d1a9489252112228c1dcd8d,,0,0,0,0.00036249,0,,,,0x7818055e
0xf944b2db0173117c4a9279c2e5b1d93eb6b1deee5ce4d7affe0e6bce1897dde0,6099761,1640672927,28-12-2021 06:28,0xa72e420605fd940b860c493263ce891d434782cb,0xe6440028008a67c52d1a9489252112228c1dcd8d,,0,0,0,0.000374117,0,,Error(0),Out of gas,0x7818055e
0x7a0764266772184f94ff67a950c65dfcb95bb5ab31822af6832317999fe37b07,6099761,1640672927,28-12-2021 06:28,0xa6e799871576a4337bb1ebf8e0cfe348209a9a1b,0xe6440028008a67c52d1a9489252112228c1dcd8d,,0,0,0,0.000373886,0,,Error(0),Out of gas,0x7818055e
0x7f80dd92e8e40fec4220730347917d4b593d5f9607aad533c45a75bdf56571d9,6099761,1640672927,28-12-2021 06:28,0x138b9ebec6dcf3a5293fd6f5846ccbfe7a9e856a,0xe6440028008a67c52d1a9489252112228c1dcd8d,,0,0,0,0.000421803,0,,Error(0),Out of gas,0x7818055e
0x2c64095bc4db4878383596192c2ed1a6898218a003bbb773f2bbd58016efc8bf,6099761,1640672927,28-12-2021 06:28,0x93e92a2bc0c66a2887ecf5c918fbbd622491ed23,0xe6440028008a67c52d1a9489252112228c1dcd8d,,0,0,0,0.000421775,0,,Error(0),Out of gas,0x7818055e
0xc982fd41b94ce73d60f149b4773ed3794e5760649798f4ea3deeb3c30cacbd6f,6099762,1640672942,28-12-2021 06:29,0xa6e799871576a4337bb1ebf8e0cfe348209a9a1b,0xe6440028008a67c52d1a9489252112228c1dcd8d,,0,0,0,0.000395336,0,,,,0x7818055e
0x5bad67eb92a7c90f452427db8a032cc46424d40ecb83bfee93370b51148c16b3,6099762,1640672942,28-12-2021 06:29,0x138b9ebec6dcf3a5293fd6f5846ccbfe7a9e856a,0xe6440028008a67c52d1a9489252112228c1dcd8d,,0,0,0,0.000417786,0,,,,0x7818055e
0x80c9eb2e610cb27fc467a316df14674023f4d50ecdf60220909811a1aa1812d6,6099762,1640672942,28-12-2021 06:29,0xa72e420605fd940b860c493263ce891d434782cb,0xe6440028008a67c52d1a9489252112228c1dcd8d,,0,0,0,0.000369917,0,,,,0x7818055e
0xa8de8090d4e336129fc2862c41be8ee8187e98d70c37f51d7575195b0cfc8879,6099762,1640672942,28-12-2021 06:29,0x6a09436f3cb7c3e871071033aba967327499b9d4,0xe6440028008a67c52d1a9489252112228c1dcd8d,,0,0,0,0.00036549,0,,Error(0),Out of gas,0x7818055e
0x70b8b4cce112ad0a68ae5833fd4f6bdb8491ee01a8fc77a87c59df2b174083fd,6099762,1640672942,28-12-2021 06:29,0x93e92a2bc0c66a2887ecf5c918fbbd622491ed23,0xe6440028008a67c52d1a9489252112228c1dcd8d,,0,0,0,0.000417758,0,,,,0x7818055e
0x456298a263807cb20652d8e1a40802a0b61b7ec595f38fe518ce2033a3e431f8,6099763,1640672957,28-12-2021 06:29,0x6a09436f3cb7c3e871071033aba967327499b9d4,0xe6440028008a67c52d1a9489252112228c1dcd8d,,0,0,0,0.00036249,0,,,,0x7818055e
0x77f3a17b7de83972b9532c483f6c1b55b41244cb2d7d085a87363bfe7285ba3f,6099763,1640672957,28-12-2021 06:29,0xa72e420605fd940b860c493263ce891d434782cb,0xe6440028008a67c52d1a9489252112228c1dcd8d,,0,0,0,0.000365897,0,,Error(0),Out of gas,0x7818055e
0xb1ff6c1e476f5744b234c586c54f8504a07cd6dbd0d377b29e4fc1f042032daf,6099763,1640672957,28-12-2021 06:29,0xa6e799871576a4337bb1ebf8e0cfe348209a9a1b,0xe6440028008a67c52d1a9489252112228c1dcd8d,,0,0,0,0.000366738,0,,Error(0),Out of gas,0x7818055e
0xde6057206a7216e874a3c341184c9881b5d2bffbc8a7444374c21f2e9e6d087f,6099763,1640672957,28-12-2021 06:29,0x93e92a2bc0c66a2887ecf5c918fbbd622491ed23,0xe6440028008a67c52d1a9489252112228c1dcd8d,,0,0,0,0.000366698,0,,Error(0),Out of gas,0x7818055e
0x3428d478fd06f09cc7005af579ca722ec025cb5aaccec4a0d26e1fd67b0cd143,6099763,1640672957,28-12-2021 06:29,0x138b9ebec6dcf3a5293fd6f5846ccbfe7a9e856a,0xe6440028008a67c52d1a9489252112228c1dcd8d,,0,0,0,0.000366738,0,,Error(0),Out of gas,0x7818055e
0xdf2ef33c5bd43845af41bbd5d2a38c5d9f840cb7a3416e21ce97f0a18a3059b1,6099765,1640672987,28-12-2021 06:29,0xa6e799871576a4337bb1ebf8e0cfe348209a9a1b,0xe6440028008a67c52d1a9489252112228c1dcd8d,,0,0,0,0.000395336,0,,,,0x7818055e
0x89884e53343dd2e4683e5e9fbbf4bf988597e702c55abe0108b4f8eda5055ddb,6099765,1640672987,28-12-2021 06:29,0xa72e420605fd940b860c493263ce891d434782cb,0xe6440028008a67c52d1a9489252112228c1dcd8d,,0,0,0,0.000368831,0,,,,0x7818055e
0x6949726bb1ab72d0cc9c5bc4e4a3e037e5f7c3712d698310fe280274413ec3da,6099765,1640672987,28-12-2021 06:29,0x138b9ebec6dcf3a5293fd6f5846ccbfe7a9e856a,0xe6440028008a67c52d1a9489252112228c1dcd8d,,0,0,0,0.000399303,0,,Error(0),Out of gas,0x7818055e
0xcb51bec00682a5b2132f26445d7727a1136691fba2271c0a61b8cd55892f80db,6099765,1640672987,28-12-2021 06:29,0x6a09436f3cb7c3e871071033aba967327499b9d4,0xe6440028008a67c52d1a9489252112228c1dcd8d,,0,0,0,0.00036549,0,,Error(0),Out of gas,0x7818055e
0xad1f75d390693ba1bb7938b6326037aa89baf4b9bce2c7a18ef2e8f98ac28291,6099765,1640672987,28-12-2021 06:29,0x93e92a2bc0c66a2887ecf5c918fbbd622491ed23,0xe6440028008a67c52d1a9489252112228c1dcd8d,,0,0,0,0.000369645,0,,,,0x7818055e
0xb0624115a0f93d7af22e48f06be44d982cfaf9576f90ad1b43e4d412faf1f3d0,6099766,1640673002,28-12-2021 06:30,0x138b9ebec6dcf3a5293fd6f5846ccbfe7a9e856a,0xe6440028008a67c52d1a9489252112228c1dcd8d,,0,0,0,0.000417786,0,,,,0x7818055e
0xb093fea29f2c51cd8ef172e36e83e601a9c9f96c4338dc68bb1c1826ba0e4495,6099766,1640673002,28-12-2021 06:30,0xa6e799871576a4337bb1ebf8e0cfe348209a9a1b,0xe6440028008a67c52d1a9489252112228c1dcd8d,,0,0,0,0.000369686,0,,Error(0),Out of gas,0x7818055e
0xcf4f78337f2d66a1fb73d6d9566f5f01ca264e10a76c5887731ab57267d8acf1,6099766,1640673002,28-12-2021 06:30,0x6a09436f3cb7c3e871071033aba967327499b9d4,0xe6440028008a67c52d1a9489252112228c1dcd8d,,0,0,0,0.00036249,0,,,,0x7818055e
0x7bd140a25e6f21ff75e22d89108cb5f771da5e124d8bed5a2d9620df941467a3,6099766,1640673002,28-12-2021 06:30,0x93e92a2bc0c66a2887ecf5c918fbbd622491ed23,0xe6440028008a67c52d1a9489252112228c1dcd8d,,0,0,0,0.000366698,0,,Error(0),Out of gas,0x7818055e
0x8140c6f4477eaffb040f7cb15f5de6cce203d76545f3d6f9fc23522312d352ab,6099766,1640673002,28-12-2021 06:30,0xa72e420605fd940b860c493263ce891d434782cb,0xe6440028008a67c52d1a9489252112228c1dcd8d,,0,0,0,0.000365897,0,,Error(0),Out of gas,0x7818055e
0x23322749f0901e884e732716767e6dff31b35f519b87e7f0f3fafff09b3a51c8,6099767,1640673017,28-12-2021 06:30,0x6a09436f3cb7c3e871071033aba967327499b9d4,0xe6440028008a67c52d1a9489252112228c1dcd8d,,0,0,0,0.00036549,0,,Error(0),Out of gas,0x7818055e
0xf78031bf34ec571efc1a8864c5716cead405c2874345b05826b6be42ee92f949,6099767,1640673017,28-12-2021 06:30,0x93e92a2bc0c66a2887ecf5c918fbbd622491ed23,0xe6440028008a67c52d1a9489252112228c1dcd8d,,0,0,0,0.000395295,0,,,,0x7818055e
0xd9cb44c388845f54d4f82a99ab058dab0e3a9c18342f8aecf2c2929a5f034195,6099767,1640673017,28-12-2021 06:30,0xa6e799871576a4337bb1ebf8e0cfe348209a9a1b,0xe6440028008a67c52d1a9489252112228c1dcd8d,,0,0,0,0.000369686,0,,,,0x7818055e
0x0c0a9177a1aa00e59bd837e90a9cc926be07a0c661b15fe6f3fc8ecc112917fd,6099767,1640673017,28-12-2021 06:30,0xa72e420605fd940b860c493263ce891d434782cb,0xe6440028008a67c52d1a9489252112228c1dcd8d,,0,0,0,0.000368831,0,,,,0x7818055e
0x8ecc724c47a2a62a2875ef330f4679c741d30937377708be2b30572235d35661,6099767,1640673017,28-12-2021 06:30,0x138b9ebec6dcf3a5293fd6f5846ccbfe7a9e856a,0xe6440028008a67c52d1a9489252112228c1dcd8d,,0,0,0,0.000369686,0,,,,0x7818055e
0x898035a245023f8c0ae3a72fd9125bff3226cc02fdb644451542838f3ad38f1b,6099768,1640673032,28-12-2021 06:30,0xa6e799871576a4337bb1ebf8e0cfe348209a9a1b,0xe6440028008a67c52d1a9489252112228c1dcd8d,,0,0,0,0.000369686,0,,Error(0),Out of gas,0x7818055e
0x3350dcd8becfc6209c63573b2ac004894f68e55167b36bdd8b8e6ac0e798b09d,6099768,1640673032,28-12-2021 06:30,0x93e92a2bc0c66a2887ecf5c918fbbd622491ed23,0xe6440028008a67c52d1a9489252112228c1dcd8d,,0,0,0,0.000369645,0,,Error(0),Out of gas,0x7818055e
0xf7abe07c97c1d996c53706a63a5b024e0fa2baea115dd314a6dd474dceec60e8,6099768,1640673032,28-12-2021 06:30,0xa72e420605fd940b860c493263ce891d434782cb,0xe6440028008a67c52d1a9489252112228c1dcd8d,,0,0,0,0.000368831,0,,Error(0),Out of gas,0x7818055e
0x8ec5eaf7d0c7cbfcf89d25e7ae2158fadff44849a75eaa5519d26bd78bdfc282,6099768,1640673032,28-12-2021 06:30,0x138b9ebec6dcf3a5293fd6f5846ccbfe7a9e856a,0xe6440028008a67c52d1a9489252112228c1dcd8d,,0,0,0,0.000369686,0,,Error(0),Out of gas,0x7818055e
0x808406f73c947769fdbb8c6fb5e28bd7f50007cfe5ab2cdd4a8314fd1e55ff50,6099768,1640673032,28-12-2021 06:30,0x6a09436f3cb7c3e871071033aba967327499b9d4,0xe6440028008a67c52d1a9489252112228c1dcd8d,,0,0,0,0.00036249,0,,,,0x7818055e
0x1f5feb238b19dfb8b1127b6f1b37faa2d28952d2253168d57072832c961f533c,6099769,1640673047,28-12-2021 06:30,0x93e92a2bc0c66a2887ecf5c918fbbd622491ed23,0xe6440028008a67c52d1a9489252112228c1dcd8d,,0,0,0,0.000395295,0,,,,0x7818055e
0xd70609a4927e468f7f3ac99b0306bd916081d11d4af73b59d922bae03b085159,6099769,1640673047,28-12-2021 06:30,0xa6e799871576a4337bb1ebf8e0cfe348209a9a1b,0xe6440028008a67c52d1a9489252112228c1dcd8d,,0,0,0,0.000369686,0,,,,0x7818055e
0x2e5d52c768c00b296523110ba2f215675418ffec57642297eeff8afb1350c68f,6099769,1640673047,28-12-2021 06:30,0x6a09436f3cb7c3e871071033aba967327499b9d4,0xe6440028008a67c52d1a9489252112228c1dcd8d,,0,0,0,0.00036549,0,,Error(0),Out of gas,0x7818055e
0x11d8c33fbaaa3668bd010b7b549fdeb4805dffb1cb152bfeb2663b99f52da19e,6099769,1640673047,28-12-2021 06:30,0xa72e420605fd940b860c493263ce891d434782cb,0xe6440028008a67c52d1a9489252112228c1dcd8d,,0,0,0,0.000368831,0,,,,0x7818055e
0x177f4fcdb420a76ea84968de642d7a9b41a491fcbab2a0c1049c98dc38792e7d,6099769,1640673047,28-12-2021 06:30,0x138b9ebec6dcf3a5293fd6f5846ccbfe7a9e856a,0xe6440028008a67c52d1a9489252112228c1dcd8d,,0,0,0,0.000369603,0,,,,0x7818055e
0x18c76e63177a294d99ad469e942620a4883ad670a0e3389619285be4c3f23080,6099771,1640673077,28-12-2021 06:31,0xa6e799871576a4337bb1ebf8e0cfe348209a9a1b,0xe6440028008a67c52d1a9489252112228c1dcd8d,,0,0,0,0.000369686,0,,Error(0),Out of gas,0x7818055e
0x5840046b70b19de6bb9de8b22ed74207c9535c781e65bb011c2cdc5832c788ca,6099771,1640673077,28-12-2021 06:31,0x138b9ebec6dcf3a5293fd6f5846ccbfe7a9e856a,0xe6440028008a67c52d1a9489252112228c1dcd8d,,0,0,0,0.000369686,0,,Error(0),Out of gas,0x7818055e
0x41b825facc0c66213205d6582011df5d46e0f41e97dcc640afce539a0e666d06,6099771,1640673077,28-12-2021 06:31,0x6a09436f3cb7c3e871071033aba967327499b9d4,0xe6440028008a67c52d1a9489252112228c1dcd8d,,0,0,0,0.00036249,0,,,,0x7818055e
0xedd8ec33f117a5759bd03b66e0b295e00c691c931513cb91e7faab3f3fe01ae6,6099771,1640673077,28-12-2021 06:31,0x93e92a2bc0c66a2887ecf5c918fbbd622491ed23,0xe6440028008a67c52d1a9489252112228c1dcd8d,,0,0,0,0.000366698,0,,Error(0),Out of gas,0x7818055e
0x6ecddc753c629c3bd5b756056e047f9cd45e9b0e52ff0ce7adff3f059869df9b,6099771,1640673077,28-12-2021 06:31,0xa72e420605fd940b860c493263ce891d434782cb,0xe6440028008a67c52d1a9489252112228c1dcd8d,,0,0,0,0.000365897,0,,Error(0),Out of gas,0x7818055e
0x7693571045b92dd7238cfee0ceda4d426d423ab28b6ae947125115bd23e80e61,6099772,1640673092,28-12-2021 06:31,0xa6e799871576a4337bb1ebf8e0cfe348209a9a1b,0xe6440028008a67c52d1a9489252112228c1dcd8d,,0,0,0,0.000395336,0,,,,0x7818055e
0xd8b83d34fce6feda1a2fad145267a03da8a1f85f2586142863ed43bdc11910ff,6099772,1640673092,28-12-2021 06:31,0xa72e420605fd940b860c493263ce891d434782cb,0xe6440028008a67c52d1a9489252112228c1dcd8d,,0,0,0,0.000368831,0,,,,0x7818055e
0x007c36d209ac54fa761579f243c28041c6c25723024e3425dcde878c199211ec,6099772,1640673092,28-12-2021 06:31,0x93e92a2bc0c66a2887ecf5c918fbbd622491ed23,0xe6440028008a67c52d1a9489252112228c1dcd8d,,0,0,0,0.000369645,0,,,,0x7818055e
0xd3f37de966c7bde38e4fc748890f9a982bb6dfee4398eb0599368d874f9a192b,6099772,1640673092,28-12-2021 06:31,0x6a09436f3cb7c3e871071033aba967327499b9d4,0xe6440028008a67c52d1a9489252112228c1dcd8d,,0,0,0,0.00036549,0,,Error(0),Out of gas,0x7818055e
0x4917c279d5a101371858e5138a66ed508bd86136e1d58c49b3d676d2b477b420,6099773,1640673107,28-12-2021 06:31,0x138b9ebec6dcf3a5293fd6f5846ccbfe7a9e856a,0xe6440028008a67c52d1a9489252112228c1dcd8d,,0,0,0,0.000399222,0,,Error(0),Out of gas,0x7818055e
0x8cfad6a21681bd79fb94b386e8def3a9b34d317b72877a5231074eb2c68a4443,6099773,1640673107,28-12-2021 06:31,0x93e92a2bc0c66a2887ecf5c918fbbd622491ed23,0xe6440028008a67c52d1a9489252112228c1dcd8d,,0,0,0,0.000369645,0,,Error(0),Out of gas,0x7818055e
0xb902cfcde3a7e3070336e85a96b4403c6ce97c5e7a64b834526087194391888d,6099773,1640673107,28-12-2021 06:31,0xa72e420605fd940b860c493263ce891d434782cb,0xe6440028008a67c52d1a9489252112228c1dcd8d,,0,0,0,0.000368831,0,,Error(0),Out of gas,0x7818055e
0x4a448dac96dd9ed44b1f9d88bd39127cb1cc9329e85cb149a5db568678b05dcb,6099773,1640673107,28-12-2021 06:31,0xa6e799871576a4337bb1ebf8e0cfe348209a9a1b,0xe6440028008a67c52d1a9489252112228c1dcd8d,,0,0,0,0.000369686,0,,Error(0),Out of gas,0x7818055e
0x927c79b38729050a6117084ec750662b3bf8c5e36ffccdf9203a6bdc646ffa8d,6099773,1640673107,28-12-2021 06:31,0x6a09436f3cb7c3e871071033aba967327499b9d4,0xe6440028008a67c52d1a9489252112228c1dcd8d,,0,0,0,0.00036249,0,,,,0x7818055e
0xe526a03a7b37b56f3f394d7b6c4b826f2a1dc521d1b375d0e39a1a1490f9c5ac,6099773,1640673107,28-12-2021 06:31,0x138b9ebec6dcf3a5293fd6f5846ccbfe7a9e856a,0xe6440028008a67c52d1a9489252112228c1dcd8d,,0,0,0,0.000421803,0,,Error(0),Out of gas,0x7818055e
0xc1775a84a5f0811a30174822f1be51499fb26ec17bb0b0648acada6e72d932a1,6099774,1640673122,28-12-2021 06:32,0x138b9ebec6dcf3a5293fd6f5846ccbfe7a9e856a,0xe6440028008a67c52d1a9489252112228c1dcd8d,,0,0,0,0.000443436,0,,,,0x7818055e
0xc769830a1ec145c927e8a0425ebded8bbf997a4484e687b97682ffc115f6e13b,6099774,1640673122,28-12-2021 06:32,0x6a09436f3cb7c3e871071033aba967327499b9d4,0xe6440028008a67c52d1a9489252112228c1dcd8d,,0,0,0,0.00036549,0,,Error(0),Out of gas,0x7818055e
0x43f4e4e009859fe18194205abaa629dee2f9cca809028ff03a641474e978063d,6099774,1640673122,28-12-2021 06:32,0xa6e799871576a4337bb1ebf8e0cfe348209a9a1b,0xe6440028008a67c52d1a9489252112228c1dcd8d,,0,0,0,0.000369686,0,,,,0x7818055e
0xb8506ba49c723a64fc166a282205b26b4dd3659699a97fe6eac8ceece6cd4a64,6099774,1640673122,28-12-2021 06:32,0x93e92a2bc0c66a2887ecf5c918fbbd622491ed23,0xe6440028008a67c52d1a9489252112228c1dcd8d,,0,0,0,0.000369645,0,,,,0x7818055e
0x561185490c2e3b5248d6d9b6f6b3cff7333e9fed82659e1f4b5f3cbb5d4d58a6,6099774,1640673122,28-12-2021 06:32,0xa72e420605fd940b860c493263ce891d434782cb,0xe6440028008a67c52d1a9489252112228c1dcd8d,,0,0,0,0.000368831,0,,,,0x7818055e
0x3411d60f6af2308ab8307e1ac9d3f57165dd5b33e2e059d32156b0d7ddff61ad,6099775,1640673137,28-12-2021 06:32,0xa6e799871576a4337bb1ebf8e0cfe348209a9a1b,0xe6440028008a67c52d1a9489252112228c1dcd8d,,0,0,0,0.000369686,0,,Error(0),Out of gas,0x7818055e
0xb270b8c396ce7622f4ad721aa1f2c71ffdabc08cb735dd9982aeb542e4c86f68,6099775,1640673137,28-12-2021 06:32,0x93e92a2bc0c66a2887ecf5c918fbbd622491ed23,0xe6440028008a67c52d1a9489252112228c1dcd8d,,0,0,0,0.000369645,0,,Error(0),Out of gas,0x7818055e
0xa4ee6b646db6b68a014942228f7021a331e50227d45ba2dfcfacd3f86058ba5b,6099775,1640673137,28-12-2021 06:32,0x6a09436f3cb7c3e871071033aba967327499b9d4,0xe6440028008a67c52d1a9489252112228c1dcd8d,,0,0,0,0.00036249,0,,,,0x7818055e
0x6ebcc498d2ff4553564f8ba571943b85c2c28a1bc895bf8e5c3df5043353feb7,6099775,1640673137,28-12-2021 06:32,0x138b9ebec6dcf3a5293fd6f5846ccbfe7a9e856a,0xe6440028008a67c52d1a9489252112228c1dcd8d,,0,0,0,0.000366738,0,,Error(0),Out of gas,0x7818055e
0x41aa4c8209cd4450557f88696a473a5aafe6543ffd8b0164c9f3a351d0c0847c,6099775,1640673137,28-12-2021 06:32,0xa72e420605fd940b860c493263ce891d434782cb,0xe6440028008a67c52d1a9489252112228c1dcd8d,,0,0,0,0.000365897,0,,Error(0),Out of gas,0x7818055e
0x695a7a0c971b678378ad9e707667617b11b4fe16ea060b89835741ffb51b0d24,6099776,1640673152,28-12-2021 06:32,0x138b9ebec6dcf3a5293fd6f5846ccbfe7a9e856a,0xe6440028008a67c52d1a9489252112228c1dcd8d,,0,0,0,0.000395253,0,,,,0x7818055e
0x84a23bda911790ae7172a886bf44ca3f8aea37790ded269309440db36435320e,6099776,1640673152,28-12-2021 06:32,0xa6e799871576a4337bb1ebf8e0cfe348209a9a1b,0xe6440028008a67c52d1a9489252112228c1dcd8d,,0,0,0,0.000369686,0,,,,0x7818055e
0xe075963bbcf69f7b0d6396e9581f42a7a59f5a1e469e80c889d2cd6f3a556194,6099776,1640673152,28-12-2021 06:32,0xa72e420605fd940b860c493263ce891d434782cb,0xe6440028008a67c52d1a9489252112228c1dcd8d,,0,0,0,0.000368831,0,,,,0x7818055e
0x928c35ab8c247d196757dd5c766cfff4a6ae4f0e14f88d43db6ff5f2fce7c637,6099776,1640673152,28-12-2021 06:32,0x93e92a2bc0c66a2887ecf5c918fbbd622491ed23,0xe6440028008a67c52d1a9489252112228c1dcd8d,,0,0,0,0.000369645,0,,,,0x7818055e
0x88b62cbd9a97e49695f88f9b39a0ac42e52c9b29b1828776602686fb6e0f41c1,6099776,1640673152,28-12-2021 06:32,0x6a09436f3cb7c3e871071033aba967327499b9d4,0xe6440028008a67c52d1a9489252112228c1dcd8d,,0,0,0,0.00036549,0,,Error(0),Out of gas,0x7818055e
0x1990bba4d3c672d8231c2cd47373eee559485607732d862c4daa770eff7f3d62,6099777,1640673167,28-12-2021 06:32,0xa72e420605fd940b860c493263ce891d434782cb,0xe6440028008a67c52d1a9489252112228c1dcd8d,,0,0,0,0.000368831,0,,Error(0),Out of gas,0x7818055e
0x17467faf7d7e1dc1f4c123b318aae6ecb90400c7da6fed77a60614221c6f0637,6099777,1640673167,28-12-2021 06:32,0x93e92a2bc0c66a2887ecf5c918fbbd622491ed23,0xe6440028008a67c52d1a9489252112228c1dcd8d,,0,0,0,0.000369645,0,,Error(0),Out of gas,0x7818055e
0xe17d36a6e403d6a4b2acdec812a927fb480794b1273b9eded4c5eee75d706d2c,6099777,1640673167,28-12-2021 06:32,0xa6e799871576a4337bb1ebf8e0cfe348209a9a1b,0xe6440028008a67c52d1a9489252112228c1dcd8d,,0,0,0,0.000369686,0,,Error(0),Out of gas,0x7818055e
0x20b4a949ed5e6642d2d1cd37a094f7d58cf1c8dba730ae4b665d792f0570a207,6099777,1640673167,28-12-2021 06:32,0x6a09436f3cb7c3e871071033aba967327499b9d4,0xe6440028008a67c52d1a9489252112228c1dcd8d,,0,0,0,0.00036249,0,,,,0x7818055e
0x318dd51928bbb8cb04259a4cf27097d5a185071c1c924177c29590f633d5cb7c,6099777,1640673167,28-12-2021 06:32,0x138b9ebec6dcf3a5293fd6f5846ccbfe7a9e856a,0xe6440028008a67c52d1a9489252112228c1dcd8d,,0,0,0,0.000366738,0,,Error(0),Out of gas,0x7818055e
0x4822caf25580f4af3a26758777a02a4d4aa058a4ddb0f6b5c331f5639da4e0e2,6099778,1640673182,28-12-2021 06:33,0x138b9ebec6dcf3a5293fd6f5846ccbfe7a9e856a,0xe6440028008a67c52d1a9489252112228c1dcd8d,,0,0,0,0.000395253,0,,,,0x7818055e
0xb1494c9d6d92df3cdf9d133e8028ad19989d9884f0e20dd0f72ad2dfce12d1a0,6099778,1640673182,28-12-2021 06:33,0x6a09436f3cb7c3e871071033aba967327499b9d4,0xe6440028008a67c52d1a9489252112228c1dcd8d,,0,0,0,0.00036549,0,,Error(0),Out of gas,0x7818055e
0xc55a1a749a9c20e2c32b39ed8959712b6cfd2df0e7810c24b974c1c4e06b49c5,6099778,1640673182,28-12-2021 06:33,0x93e92a2bc0c66a2887ecf5c918fbbd622491ed23,0xe6440028008a67c52d1a9489252112228c1dcd8d,,0,0,0,0.000369645,0,,,,0x7818055e
0x8eaee635b476ec18abdbb3638d7f4a527d97badc34c6f6d3ef990b6ed49dbe0b,6099778,1640673182,28-12-2021 06:33,0xa72e420605fd940b860c493263ce891d434782cb,0xe6440028008a67c52d1a9489252112228c1dcd8d,,0,0,0,0.000368831,0,,,,0x7818055e
0xd3dcca1d17c97755f0011fe33fa61a115a987d4d8f2bc9494f9252288888fd51,6099778,1640673182,28-12-2021 06:33,0xa6e799871576a4337bb1ebf8e0cfe348209a9a1b,0xe6440028008a67c52d1a9489252112228c1dcd8d,,0,0,0,0.000369686,0,,,,0x7818055e
0x382b257d391850091e3fd86889994c5a196e10309e8ee3394f1b60726033c886,6099780,1640673212,28-12-2021 06:33,0xa72e420605fd940b860c493263ce891d434782cb,0xe6440028008a67c52d1a9489252112228c1dcd8d,,0,0,0,0.000368831,0,,Error(0),Out of gas,0x7818055e
0xb1aa808c23459e45011588ccac5e69ed773351edfe4139e96adde3e8e5d1151d,6099780,1640673212,28-12-2021 06:33,0xa6e799871576a4337bb1ebf8e0cfe348209a9a1b,0xe6440028008a67c52d1a9489252112228c1dcd8d,,0,0,0,0.000369686,0,,Error(0),Out of gas,0x7818055e
0xcc06540955d908ce87fea846c501b36c108c7092756fa24a95fb7bad1f766d27,6099780,1640673212,28-12-2021 06:33,0x93e92a2bc0c66a2887ecf5c918fbbd622491ed23,0xe6440028008a67c52d1a9489252112228c1dcd8d,,0,0,0,0.000369645,0,,Error(0),Out of gas,0x7818055e
0x988f8398608df80c5c8532cdf7a91d323c9620e09b626c30b6999e1c47e18e9c,6099780,1640673212,28-12-2021 06:33,0x6a09436f3cb7c3e871071033aba967327499b9d4,0xe6440028008a67c52d1a9489252112228c1dcd8d,,0,0,0,0.00036249,0,,,,0x7818055e
0x352c37bb50083f06af3b08dfb378f7f5ade53340c20b4708efc478635232893e,6099780,1640673212,28-12-2021 06:33,0x138b9ebec6dcf3a5293fd6f5846ccbfe7a9e856a,0xe6440028008a67c52d1a9489252112228c1dcd8d,,0,0,0,0.000366738,0,,Error(0),Out of gas,0x7818055e
0x6f144356e4ad698e7c7735d9bee4d4672b6a8cc57a16a4c7c3dba6de3c0c4407,6099781,1640673227,28-12-2021 06:33,0x6a09436f3cb7c3e871071033aba967327499b9d4,0xe6440028008a67c52d1a9489252112228c1dcd8d,,0,0,0,0.00036549,0,,Error(0),Out of gas,0x7818055e
0x70c1ef456f16ef207898ff06939c73ba5de68cccfe5f3d646abc32c0095897b2,6099781,1640673227,28-12-2021 06:33,0xa6e799871576a4337bb1ebf8e0cfe348209a9a1b,0xe6440028008a67c52d1a9489252112228c1dcd8d,,0,0,0,0.000395336,0,,,,0x7818055e
0x52b8c37ddf92f0a73f854fa10e5e468285f655de00cbc5cda0540f3dd8dd5340,6099781,1640673227,28-12-2021 06:33,0x138b9ebec6dcf3a5293fd6f5846ccbfe7a9e856a,0xe6440028008a67c52d1a9489252112228c1dcd8d,,0,0,0,0.000399222,0,,Error(0),Out of gas,0x7818055e
0x81f6b08c8b96d5f3ebe5e416cd12f00bb8d6544140b2799d7204076d0abf84c1,6099781,1640673227,28-12-2021 06:33,0xa72e420605fd940b860c493263ce891d434782cb,0xe6440028008a67c52d1a9489252112228c1dcd8d,,0,0,0,0.000368831,0,,,,0x7818055e
0xaf39dc5c49dc8022450f1c01e1930b1260ab616ded97b0690f7fd4297efdbcc5,6099781,1640673227,28-12-2021 06:33,0x93e92a2bc0c66a2887ecf5c918fbbd622491ed23,0xe6440028008a67c52d1a9489252112228c1dcd8d,,0,0,0,0.000369645,0,,,,0x7818055e
0xdb6f8d6deae3652787ec0e85fc219c6db3f7d018bc72675ce09257772b87af7b,6099782,1640673242,28-12-2021 06:34,0x93e92a2bc0c66a2887ecf5c918fbbd622491ed23,0xe6440028008a67c52d1a9489252112228c1dcd8d,,0,0,0,0.000365445,0,,,,0x7818055e
0x108d7dc50a402b40528d0915545c4ca6f6904294466d03a9fb2b6727f13d33fc,6099782,1640673242,28-12-2021 06:34,0xa6e799871576a4337bb1ebf8e0cfe348209a9a1b,0xe6440028008a67c52d1a9489252112228c1dcd8d,,0,0,0,0.000369686,0,,,,0x7818055e
0x8d4dddbf6f7da1fe78cf29a07e6df344a0acc01ad171eb3bd79da08d06673c41,6099782,1640673242,28-12-2021 06:34,0x138b9ebec6dcf3a5293fd6f5846ccbfe7a9e856a,0xe6440028008a67c52d1a9489252112228c1dcd8d,,0,0,0,0.000417786,0,,,,0x7818055e
0x5eeaced9cf1c856b6a32113974751c5a8e2fe494a2a84fdcaf046cd72a8a918e,6099782,1640673242,28-12-2021 06:34,0x6a09436f3cb7c3e871071033aba967327499b9d4,0xe6440028008a67c52d1a9489252112228c1dcd8d,,0,0,0,0.00036249,0,,,,0x7818055e
0x8f7fe44a1b692a0fdb78ca373f59fd222affdbea1740c2ad06d2f94bc8f21b06,6099782,1640673242,28-12-2021 06:34,0xa72e420605fd940b860c493263ce891d434782cb,0xe6440028008a67c52d1a9489252112228c1dcd8d,,0,0,0,0.000365897,0,,Error(0),Out of gas,0x7818055e
0x6d5e2889bfbf3f8e231f18f66d3e31d95b6ddb3b4c835d6036f1632e9d93106d,6099783,1640673257,28-12-2021 06:34,0x6a09436f3cb7c3e871071033aba967327499b9d4,0xe6440028008a67c52d1a9489252112228c1dcd8d,,0,0,0,0.00036549,0,,Error(0),Out of gas,0x7818055e
0x4cf549b2dfe925c909bd7ad9ab33bcfd30db0b7aa405f890f2d0622b78c8e788,6099783,1640673257,28-12-2021 06:34,0xa72e420605fd940b860c493263ce891d434782cb,0xe6440028008a67c52d1a9489252112228c1dcd8d,,0,0,0,0.000394481,0,,,,0x7818055e
0xec22fc6d5fc0e387b127230e61c5f2deb1bf4eca19462235649ebcaccec58e7c,6099783,1640673257,28-12-2021 06:34,0x93e92a2bc0c66a2887ecf5c918fbbd622491ed23,0xe6440028008a67c52d1a9489252112228c1dcd8d,,0,0,0,0.000369645,0,,,,0x7818055e
0x40bf25ce53f8632d67bd080f43d83779e8da84afa142b7fefdf1396016615b68,6099783,1640673257,28-12-2021 06:34,0x138b9ebec6dcf3a5293fd6f5846ccbfe7a9e856a,0xe6440028008a67c52d1a9489252112228c1dcd8d,,0,0,0,0.000369686,0,,,,0x7818055e
0xc3c536889cebd0722dc0f77e8ecee96b498455a1640832f7bf31cc3069f4ec80,6099783,1640673257,28-12-2021 06:34,0xa6e799871576a4337bb1ebf8e0cfe348209a9a1b,0xe6440028008a67c52d1a9489252112228c1dcd8d,,0,0,0,0.000369686,0,,,,0x7818055e
0x1deca028bd65548b5b8e5b4585b196355d943002a007cbfd8838a3a315b26023,6099784,1640673272,28-12-2021 06:34,0x138b9ebec6dcf3a5293fd6f5846ccbfe7a9e856a,0xe6440028008a67c52d1a9489252112228c1dcd8d,,0,0,0,0.000369686,0,,,,0x7818055e
0x46b6dae942a1ee0e2165b9735b4a7480c266cb7c33f848de5548c2a9fe885f08,6099784,1640673272,28-12-2021 06:34,0x93e92a2bc0c66a2887ecf5c918fbbd622491ed23,0xe6440028008a67c52d1a9489252112228c1dcd8d,,0,0,0,0.000369645,0,,Error(0),Out of gas,0x7818055e
0xbd85cd98eed76d2499272707a86eb31d6c7529e8b037397fef16ec2babcbfad0,6099784,1640673272,28-12-2021 06:34,0x6a09436f3cb7c3e871071033aba967327499b9d4,0xe6440028008a67c52d1a9489252112228c1dcd8d,,0,0,0,0.00036249,0,,,,0x7818055e
0xbd1d67221c6531472dc1a34fca5ecaafb91b23c85116a8ed34cba479697ef78d,6099784,1640673272,28-12-2021 06:34,0xa6e799871576a4337bb1ebf8e0cfe348209a9a1b,0xe6440028008a67c52d1a9489252112228c1dcd8d,,0,0,0,0.000366738,0,,Error(0),Out of gas,0x7818055e
0xe01bf46be6236313e9ee25319fdaa29853cf54f53ba783a74a78b526ed862487,6099784,1640673272,28-12-2021 06:34,0xa72e420605fd940b860c493263ce891d434782cb,0xe6440028008a67c52d1a9489252112228c1dcd8d,,0,0,0,0.000365897,0,,Error(0),Out of gas,0x7818055e
0xac4c3dedcd87f7215ee797a123109afe2eec26fa85c9ccda20c66eb8c8a7f31e,6099785,1640673287,28-12-2021 06:34,0xa72e420605fd940b860c493263ce891d434782cb,0xe6440028008a67c52d1a9489252112228c1dcd8d,,0,0,0,0.000394481,0,,,,0x7818055e
0x8ad78ebe4847487ca4c185f7d2f8da2e97232316e42c8c30045509898c757063,6099785,1640673287,28-12-2021 06:34,0x6a09436f3cb7c3e871071033aba967327499b9d4,0xe6440028008a67c52d1a9489252112228c1dcd8d,,0,0,0,0.00036549,0,,Error(0),Out of gas,0x7818055e
0xe39607c59380fe9c380946c696219efcac99eeaf5bfe9f16025ff0f5019eca23,6099785,1640673287,28-12-2021 06:34,0xa6e799871576a4337bb1ebf8e0cfe348209a9a1b,0xe6440028008a67c52d1a9489252112228c1dcd8d,,0,0,0,0.000369686,0,,,,0x7818055e
0x5efaa444da865c1cea4e293691c6fa1927092c48b0c9a1fcc13dafd1f21d3851,6099785,1640673287,28-12-2021 06:34,0x138b9ebec6dcf3a5293fd6f5846ccbfe7a9e856a,0xe6440028008a67c52d1a9489252112228c1dcd8d,,0,0,0,0.000369686,0,,,,0x7818055e
0x22fca173053a7131eb1a69d162cd5e3405285fc0af9cab059e82f2e94437958a,6099785,1640673287,28-12-2021 06:34,0x93e92a2bc0c66a2887ecf5c918fbbd622491ed23,0xe6440028008a67c52d1a9489252112228c1dcd8d,,0,0,0,0.000369645,0,,,,0x7818055e
0x9bac81e4c1f30d6e63d65162db86dcaeabb39cd5bf12fe64678ef15d276a8972,6099786,1640673302,28-12-2021 06:35,0xa6e799871576a4337bb1ebf8e0cfe348209a9a1b,0xe6440028008a67c52d1a9489252112228c1dcd8d,,0,0,0,0.000369686,0,,Error(0),Out of gas,0x7818055e
0xf08f4995397b86cf7849bc348508bc16575a3f9430053025f923d9a6876592d1,6099786,1640673302,28-12-2021 06:35,0x138b9ebec6dcf3a5293fd6f5846ccbfe7a9e856a,0xe6440028008a67c52d1a9489252112228c1dcd8d,,0,0,0,0.000369686,0,,Error(0),Out of gas,0x7818055e
0x3c6c80fe51ce5793c4183136a1bd5f4c09d5acfb7a622ad7bb2bb24e069223ad,6099786,1640673302,28-12-2021 06:35,0xa72e420605fd940b860c493263ce891d434782cb,0xe6440028008a67c52d1a9489252112228c1dcd8d,,0,0,0,0.000368831,0,,Error(0),Out of gas,0x7818055e
0x4c6ab43fb40928bf7ce21b663ab9f48f7de1175469a79a4bc6c30a4f5b36f769,6099786,1640673302,28-12-2021 06:35,0x6a09436f3cb7c3e871071033aba967327499b9d4,0xe6440028008a67c52d1a9489252112228c1dcd8d,,0,0,0,0.00036249,0,,,,0x7818055e
0x3a82781446a2ccd494a43d5d971273fc2b0616731ad15c95253981436953285d,6099786,1640673302,28-12-2021 06:35,0x93e92a2bc0c66a2887ecf5c918fbbd622491ed23,0xe6440028008a67c52d1a9489252112228c1dcd8d,,0,0,0,0.000366698,0,,Error(0),Out of gas,0x7818055e
0x07b1fde310024ae9c1f5429a431810dbcd95466170996cddfa1055ae8383e65e,6099787,1640673317,28-12-2021 06:35,0x93e92a2bc0c66a2887ecf5c918fbbd622491ed23,0xe6440028008a67c52d1a9489252112228c1dcd8d,,0,0,0,0.000395295,0,,,,0x7818055e
0xd58e47ee1e9ca35c66d713d817d14383e22692bab6a0df73e596ee734815794a,6099787,1640673317,28-12-2021 06:35,0x6a09436f3cb7c3e871071033aba967327499b9d4,0xe6440028008a67c52d1a9489252112228c1dcd8d,,0,0,0,0.00036549,0,,Error(0),Out of gas,0x7818055e
0x97759115f0855c001ef1ec63c5512425bf6409b6e2462672d64b80ef74bd6599,6099787,1640673317,28-12-2021 06:35,0xa72e420605fd940b860c493263ce891d434782cb,0xe6440028008a67c52d1a9489252112228c1dcd8d,,0,0,0,0.000368831,0,,,,0x7818055e
0xfe4787152dd06847daec8235318e2b432f2da9c24882452ddb2a49d39906a643,6099787,1640673317,28-12-2021 06:35,0x138b9ebec6dcf3a5293fd6f5846ccbfe7a9e856a,0xe6440028008a67c52d1a9489252112228c1dcd8d,,0,0,0,0.000369603,0,,,,0x7818055e
0x35ddd3459f9801d5161573462a4547d2f29976881c9273b8f33d4eecae00c101,6099787,1640673317,28-12-2021 06:35,0xa6e799871576a4337bb1ebf8e0cfe348209a9a1b,0xe6440028008a67c52d1a9489252112228c1dcd8d,,0,0,0,0.000369686,0,,,,0x7818055e
0xff865a2ddd172de065fe17ee34f85eed43fbe95890303cfb001d08633baf73c7,6099788,1640673332,28-12-2021 06:35,0x138b9ebec6dcf3a5293fd6f5846ccbfe7a9e856a,0xe6440028008a67c52d1a9489252112228c1dcd8d,,0,0,0,0.000369686,0,,Error(0),Out of gas,0x7818055e
0x233010a9623739bdf75a5c69304799a87c4ec0e585be5c4fe84c60cb2a0be834,6099788,1640673332,28-12-2021 06:35,0x6a09436f3cb7c3e871071033aba967327499b9d4,0xe6440028008a67c52d1a9489252112228c1dcd8d,,0,0,0,0.00036249,0,,,,0x7818055e
0xbbeb396014ebcd882990d07370d9d9f948b1a9a7463d5584a25fa3229f33e30e,6099788,1640673332,28-12-2021 06:35,0x93e92a2bc0c66a2887ecf5c918fbbd622491ed23,0xe6440028008a67c52d1a9489252112228c1dcd8d,,0,0,0,0.000366698,0,,Error(0),Out of gas,0x7818055e
0x28e087f38c802b9ae99811770f8fb166ef852632204b169e1551ef96b1349a4b,6099788,1640673332,28-12-2021 06:35,0xa72e420605fd940b860c493263ce891d434782cb,0xe6440028008a67c52d1a9489252112228c1dcd8d,,0,0,0,0.000365897,0,,Error(0),Out of gas,0x7818055e
0x8b80810674ab6151e5e02e779853b1ba0390aa5576eaac8400ef9b85df2b4251,6099788,1640673332,28-12-2021 06:35,0xa6e799871576a4337bb1ebf8e0cfe348209a9a1b,0xe6440028008a67c52d1a9489252112228c1dcd8d,,0,0,0,0.000366738,0,,Error(0),Out of gas,0x7818055e
0xf211c3436f017a04f496412ffc8318aa314e55a686b602abe9e470a9670d5435,6099789,1640673347,28-12-2021 06:35,0x93e92a2bc0c66a2887ecf5c918fbbd622491ed23,0xe6440028008a67c52d1a9489252112228c1dcd8d,,0,0,0,0.000395295,0,,,,0x7818055e
0x2cf3adb375095e483ab7a445d4f19dc76c017cfe727c9d7063585d0dacbd7541,6099789,1640673347,28-12-2021 06:35,0xa72e420605fd940b860c493263ce891d434782cb,0xe6440028008a67c52d1a9489252112228c1dcd8d,,0,0,0,0.000368831,0,,,,0x7818055e
0xc8a5d2a17da1872529856e5907c762e4e7e79465b877fe9baac40331f14e2fb6,6099789,1640673347,28-12-2021 06:35,0xa6e799871576a4337bb1ebf8e0cfe348209a9a1b,0xe6440028008a67c52d1a9489252112228c1dcd8d,,0,0,0,0.000369686,0,,,,0x7818055e
0x9bf6af9cc52abb6b3ed24a2b8142ae4a80f764193f78f409f24a1240bf4c979b,6099789,1640673347,28-12-2021 06:35,0x6a09436f3cb7c3e871071033aba967327499b9d4,0xe6440028008a67c52d1a9489252112228c1dcd8d,,0,0,0,0.00036549,0,,Error(0),Out of gas,0x7818055e
0x319e112550d8cef74356611829d54e7def3ba1186176886cb9c96389713fe11e,6099789,1640673347,28-12-2021 06:35,0x138b9ebec6dcf3a5293fd6f5846ccbfe7a9e856a,0xe6440028008a67c52d1a9489252112228c1dcd8d,,0,0,0,0.000369603,0,,,,0x7818055e
0xa32bbf65437b13360f5bbd332d7be867fa9311256f781b30f4900cdde6277952,6099791,1640673377,28-12-2021 06:36,0x6a09436f3cb7c3e871071033aba967327499b9d4,0xe6440028008a67c52d1a9489252112228c1dcd8d,,0,0,0,0.00036249,0,,,,0x7818055e
0x48cbb4057aa775af0c3c3f9139036c2e277b061563cddcae40f1e07d72d8e0f4,6099791,1640673377,28-12-2021 06:36,0xa72e420605fd940b860c493263ce891d434782cb,0xe6440028008a67c52d1a9489252112228c1dcd8d,,0,0,0,0.000365897,0,,Error(0),Out of gas,0x7818055e
0x8843243ea72d0b5922a52787a6e7aa6fb9a7cb694faa363c2147ff7126f79ce6,6099791,1640673377,28-12-2021 06:36,0x93e92a2bc0c66a2887ecf5c918fbbd622491ed23,0xe6440028008a67c52d1a9489252112228c1dcd8d,,0,0,0,0.000366698,0,,Error(0),Out of gas,0x7818055e
0x96e123863d098297b5d623ba0a107cc47c2264052b81d1951e7813dc29ea9206,6099791,1640673377,28-12-2021 06:36,0x138b9ebec6dcf3a5293fd6f5846ccbfe7a9e856a,0xe6440028008a67c52d1a9489252112228c1dcd8d,,0,0,0,0.000366738,0,,Error(0),Out of gas,0x7818055e
0x99368219cda9fc35ee602a4d7b268a43b108cb74513e783dbd64319ca5ceaa72,6099791,1640673377,28-12-2021 06:36,0xa6e799871576a4337bb1ebf8e0cfe348209a9a1b,0xe6440028008a67c52d1a9489252112228c1dcd8d,,0,0,0,0.000366738,0,,Error(0),Out of gas,0x7818055e
0xa167ea0d1f595414b7970a8b242d71a7ccfe66f40332530187f72d53b6acdefa,6099791,1640673377,28-12-2021 06:36,0x6a09436f3cb7c3e871071033aba967327499b9d4,0xe6440028008a67c52d1a9489252112228c1dcd8d,,0,0,0,0.00036129,0,,,,0x7818055e
0x1e9ad9467b5279fdb4ee5edaabe67861f2d46c01129b009afc7b628af1c25431,6099791,1640673377,28-12-2021 06:36,0x138b9ebec6dcf3a5293fd6f5846ccbfe7a9e856a,0xe6440028008a67c52d1a9489252112228c1dcd8d,,0,0,0,0.000395253,0,,,,0x7818055e
0xc522cb52a60de7306c6bc040bfd872e437998931691e1af69111e1d5a4f79e40,6099791,1640673377,28-12-2021 06:36,0x93e92a2bc0c66a2887ecf5c918fbbd622491ed23,0xe6440028008a67c52d1a9489252112228c1dcd8d,,0,0,0,0.000369645,0,,,,0x7818055e
0x638b92e9ba0ab5d07c7afa15cf9b1925dc23193bc0dfa2a60a0964a27ffa2441,6099791,1640673377,28-12-2021 06:36,0xa6e799871576a4337bb1ebf8e0cfe348209a9a1b,0xe6440028008a67c52d1a9489252112228c1dcd8d,,0,0,0,0.000369686,0,,,,0x7818055e
0x9eac094254cebfc463020d2068c289446b8882bb87974dc0643ac5f06f19c147,6099791,1640673377,28-12-2021 06:36,0xa72e420605fd940b860c493263ce891d434782cb,0xe6440028008a67c52d1a9489252112228c1dcd8d,,0,0,0,0.000368831,0,,,,0x7818055e
0x2ef4ba0dbbf6194fc926f5c6daee2b86c8cf641eda651e90f64256410248075e,6099792,1640673392,28-12-2021 06:36,0x93e92a2bc0c66a2887ecf5c918fbbd622491ed23,0xe6440028008a67c52d1a9489252112228c1dcd8d,,0,0,0,0.000369645,0,,Error(0),Out of gas,0x7818055e
0x8e396c561436c21a3d59cfd58b314ae3d4e412948b589ae25c8d0a9c7707964a,6099792,1640673392,28-12-2021 06:36,0xa72e420605fd940b860c493263ce891d434782cb,0xe6440028008a67c52d1a9489252112228c1dcd8d,,0,0,0,0.000368831,0,,Error(0),Out of gas,0x7818055e
0x27566f569f40255f63ffdffb5dde15258db2844f6098b9a52cdea2a0bf50eb18,6099792,1640673392,28-12-2021 06:36,0x6a09436f3cb7c3e871071033aba967327499b9d4,0xe6440028008a67c52d1a9489252112228c1dcd8d,,0,0,0,0.00036969,0,,Error(0),Out of gas,0x7818055e
0xc343313982a7e0324cd01b211b087b4c8562122b0532ad7290fbf890571fc549,6099792,1640673392,28-12-2021 06:36,0x138b9ebec6dcf3a5293fd6f5846ccbfe7a9e856a,0xe6440028008a67c52d1a9489252112228c1dcd8d,,0,0,0,0.000369686,0,,Error(0),Out of gas,0x7818055e
0x9c048f1851aece664c4aa2224cc7cbcf8baca333961ac490a47bde0ab143108f,6099792,1640673392,28-12-2021 06:36,0xa6e799871576a4337bb1ebf8e0cfe348209a9a1b,0xe6440028008a67c52d1a9489252112228c1dcd8d,,0,0,0,0.000369686,0,,Error(0),Out of gas,0x7818055e
0x973fb95cf345994745a55f60e47f45a205ee9eae2635a2ab468de565ce985657,6099793,1640673407,28-12-2021 06:36,0x6a09436f3cb7c3e871071033aba967327499b9d4,0xe6440028008a67c52d1a9489252112228c1dcd8d,,0,0,0,0.00036249,0,,,,0x7818055e
0xa5465d8d92e397c0e80629489724229bdd6bb8f8a1abeecc86eaea5165b173dc,6099793,1640673407,28-12-2021 06:36,0x138b9ebec6dcf3a5293fd6f5846ccbfe7a9e856a,0xe6440028008a67c52d1a9489252112228c1dcd8d,,0,0,0,0.000373886,0,,Error(0),Out of gas,0x7818055e
0x6f729dda7f31b2ae91a45d49c8c4cf1e738cfc2908c290785d3b3d71f22d15f2,6099793,1640673407,28-12-2021 06:36,0x93e92a2bc0c66a2887ecf5c918fbbd622491ed23,0xe6440028008a67c52d1a9489252112228c1dcd8d,,0,0,0,0.000373845,0,,Error(0),Out of gas,0x7818055e
0x682c96d03e7cd59d4a097546e08693432432dc8578a8017073f55cd623c3dd04,6099793,1640673407,28-12-2021 06:36,0xa6e799871576a4337bb1ebf8e0cfe348209a9a1b,0xe6440028008a67c52d1a9489252112228c1dcd8d,,0,0,0,0.000373886,0,,Error(0),Out of gas,0x7818055e
0x33919c9b849294b65a1b23fc7f1946dfa668d404584f285735952abbe7bb4b3c,6099793,1640673407,28-12-2021 06:36,0xa72e420605fd940b860c493263ce891d434782cb,0xe6440028008a67c52d1a9489252112228c1dcd8d,,0,0,0,0.000373031,0,,Error(0),Out of gas,0x7818055e
0x71227404e1c7dd41c0db6a650ab1a6c37c4b4d5a5e3942fcaea0c617863d38e6,6099794,1640673422,28-12-2021 06:37,0x6a09436f3cb7c3e871071033aba967327499b9d4,0xe6440028008a67c52d1a9489252112228c1dcd8d,,0,0,0,0.00036549,0,,Error(0),Out of gas,0x7818055e
0x0b25189abae2c63858068431430c6dc5d5719101927ce5e411ce1f31290e5589,6099794,1640673422,28-12-2021 06:37,0xa72e420605fd940b860c493263ce891d434782cb,0xe6440028008a67c52d1a9489252112228c1dcd8d,,0,0,0,0.000394481,0,,,,0x7818055e
0x987a1763a0305e9ae4fdf4d3527ebced97ef0bd2f195907753fe8b8787ba59f6,6099794,1640673422,28-12-2021 06:37,0x138b9ebec6dcf3a5293fd6f5846ccbfe7a9e856a,0xe6440028008a67c52d1a9489252112228c1dcd8d,,0,0,0,0.000399222,0,,Error(0),Out of gas,0x7818055e
0x0d6c08de90270ababb09767f2ab5c5d9aa820cb6e747eacccbfa12481bebf635,6099794,1640673422,28-12-2021 06:37,0xa6e799871576a4337bb1ebf8e0cfe348209a9a1b,0xe6440028008a67c52d1a9489252112228c1dcd8d,,0,0,0,0.000369686,0,,,,0x7818055e
0xd3d152163f962373f9e49e5a15cb546ae0c29420a8884c1a7a3e58bdb5c18c0d,6099794,1640673422,28-12-2021 06:37,0x93e92a2bc0c66a2887ecf5c918fbbd622491ed23,0xe6440028008a67c52d1a9489252112228c1dcd8d,,0,0,0,0.000369645,0,,,,0x7818055e
0x3a1654f6f387d23a4ad5e001576bfe102eb3399730575014dd2581bfddf95e64,6099795,1640673437,28-12-2021 06:37,0x6a09436f3cb7c3e871071033aba967327499b9d4,0xe6440028008a67c52d1a9489252112228c1dcd8d,,0,0,0,0.00036249,0,,,,0x7818055e
0xba7d29f1a240b22bd485960fb00e97073bd2ce34057017d367bd6b15accfeec2,6099795,1640673437,28-12-2021 06:37,0xa72e420605fd940b860c493263ce891d434782cb,0xe6440028008a67c52d1a9489252112228c1dcd8d,,0,0,0,0.000365897,0,,Error(0),Out of gas,0x7818055e
0x67f29ce9c8d54a078be0437c729f7af94226eb57000fee62ee84477ac64708b1,6099795,1640673437,28-12-2021 06:37,0x138b9ebec6dcf3a5293fd6f5846ccbfe7a9e856a,0xe6440028008a67c52d1a9489252112228c1dcd8d,,0,0,0,0.000421803,0,,Error(0),Out of gas,0x7818055e
0x317f1f5966299ca66c6b68593b6ddbe368fce6203fadc4eb9dfbfebd1aa4da26,6099795,1640673437,28-12-2021 06:37,0x93e92a2bc0c66a2887ecf5c918fbbd622491ed23,0xe6440028008a67c52d1a9489252112228c1dcd8d,,0,0,0,0.000366698,0,,Error(0),Out of gas,0x7818055e
0x84171140a680247874f597e30b1d46df74a909f4ab6627c86cdedf11aed23df3,6099795,1640673437,28-12-2021 06:37,0xa6e799871576a4337bb1ebf8e0cfe348209a9a1b,0xe6440028008a67c52d1a9489252112228c1dcd8d,,0,0,0,0.000366738,0,,Error(0),Out of gas,0x7818055e
0x62424dc9ffc28caf823c618603285d4dc3e2953ee0bba5d985124c9d0991333a,6099796,1640673452,28-12-2021 06:37,0x6a09436f3cb7c3e871071033aba967327499b9d4,0xe6440028008a67c52d1a9489252112228c1dcd8d,,0,0,0,0.00036549,0,,,,0x7818055e
0xc74eea391889c06be428f41713a6dc085a4da9b921bf6d5abb81f2c591d2a995,6099796,1640673452,28-12-2021 06:37,0x138b9ebec6dcf3a5293fd6f5846ccbfe7a9e856a,0xe6440028008a67c52d1a9489252112228c1dcd8d,,0,0,0,0.000443436,0,,,,0x7818055e
0x2d950b7f061695c818e043a048cb5d5a7bb098f33f321cd8cd622b8c2cc0547e,6099796,1640673452,28-12-2021 06:37,0xa6e799871576a4337bb1ebf8e0cfe348209a9a1b,0xe6440028008a67c52d1a9489252112228c1dcd8d,,0,0,0,0.000369686,0,,,,0x7818055e
0xc7f29b8908a0ce9de3daf0a97a97be2dd3c9b6f3407c017210313056c921b135,6099796,1640673452,28-12-2021 06:37,0xa72e420605fd940b860c493263ce891d434782cb,0xe6440028008a67c52d1a9489252112228c1dcd8d,,0,0,0,0.000368831,0,,,,0x7818055e
0x6e9f9e9e6657316c8c19722705ca0e3e2e11791fd38f7b7e7fcc2a8518c75660,6099796,1640673452,28-12-2021 06:37,0x93e92a2bc0c66a2887ecf5c918fbbd622491ed23,0xe6440028008a67c52d1a9489252112228c1dcd8d,,0,0,0,0.000369645,0,,,,0x7818055e
0xd88d5344f79aff45d08d0c4ec0ad44b143ef2da50a3a128429940908162f698b,6099797,1640673467,28-12-2021 06:37,0x6a09436f3cb7c3e871071033aba967327499b9d4,0xe6440028008a67c52d1a9489252112228c1dcd8d,,0,0,0,0.00036969,0,,Error(0),Out of gas,0x7818055e
0x660dc4d89764d6d38afcab4e328a4c44f27bb4c42d2fcfe4153aa4b16e50d6d4,6099797,1640673467,28-12-2021 06:37,0xa72e420605fd940b860c493263ce891d434782cb,0xe6440028008a67c52d1a9489252112228c1dcd8d,,0,0,0,0.000368831,0,,Error(0),Out of gas,0x7818055e
0x7d5be0cf098ea6417b34c75722bd7101eee78ad40bfd4287006874e6a6ebb46b,6099797,1640673467,28-12-2021 06:37,0x138b9ebec6dcf3a5293fd6f5846ccbfe7a9e856a,0xe6440028008a67c52d1a9489252112228c1dcd8d,,0,0,0,0.000369686,0,,Error(0),Out of gas,0x7818055e
0xcc5da6c7388896135b5362ee07e7703a1dc4603537138f9e879c8e04881cddec,6099797,1640673467,28-12-2021 06:37,0xa6e799871576a4337bb1ebf8e0cfe348209a9a1b,0xe6440028008a67c52d1a9489252112228c1dcd8d,,0,0,0,0.000369686,0,,Error(0),Out of gas,0x7818055e
0xf1c121e8934c213d96f98e927397ba3241e69d6e49fb5b07c56fdd5bd59a2f8e,6099797,1640673467,28-12-2021 06:37,0x93e92a2bc0c66a2887ecf5c918fbbd622491ed23,0xe6440028008a67c52d1a9489252112228c1dcd8d,,0,0,0,0.000369645,0,,Error(0),Out of gas,0x7818055e
0x04eeaeb1a166c4a2d7320347ce033e89e69d4434a37aa8c0a7aab768f81fe6e0,6099798,1640673482,28-12-2021 06:38,0xa6e799871576a4337bb1ebf8e0cfe348209a9a1b,0xe6440028008a67c52d1a9489252112228c1dcd8d,,0,0,0,0.000369686,0,,,,0x7818055e
0xb58bf594330eaa547878c574b11bda69a006b2bced5ccf57452d42abb2ee7d6d,6099798,1640673482,28-12-2021 06:38,0x93e92a2bc0c66a2887ecf5c918fbbd622491ed23,0xe6440028008a67c52d1a9489252112228c1dcd8d,,0,0,0,0.000369645,0,,,,0x7818055e
0x2c82415f7e92c8a2c9e86fbf68df0f0f8cd40c423b23d71f469d6ec94c92a4c3,6099798,1640673482,28-12-2021 06:38,0x6a09436f3cb7c3e871071033aba967327499b9d4,0xe6440028008a67c52d1a9489252112228c1dcd8d,,0,0,0,0.00036249,0,,,,0x7818055e
0x1b4df91c72a5cb8cd26be832ac380a787c973b0272ced09e525cf14e1c55406b,6099798,1640673482,28-12-2021 06:38,0x138b9ebec6dcf3a5293fd6f5846ccbfe7a9e856a,0xe6440028008a67c52d1a9489252112228c1dcd8d,,0,0,0,0.000373886,0,,Error(0),Out of gas,0x7818055e
0x48dbccdec7bed3f5d6fbf67485f3dc5d07aa0e9a23176906d0f44ed078740105,6099798,1640673482,28-12-2021 06:38,0xa72e420605fd940b860c493263ce891d434782cb,0xe6440028008a67c52d1a9489252112228c1dcd8d,,0,0,0,0.000373031,0,,Error(0),Out of gas,0x7818055e
0x470b41dc13d63fc3d66c537be1dea27f8254b5791b363c6401d9d61486e08889,6099800,1640673512,28-12-2021 06:38,0xa72e420605fd940b860c493263ce891d434782cb,0xe6440028008a67c52d1a9489252112228c1dcd8d,,0,0,0,0.000394481,0,,,,0x7818055e
0x17ad93bee427960cd07d2211942fe5ea0bf3d6f2b9b47c8482c2bac0e31100c7,6099800,1640673512,28-12-2021 06:38,0xa6e799871576a4337bb1ebf8e0cfe348209a9a1b,0xe6440028008a67c52d1a9489252112228c1dcd8d,,0,0,0,0.000369686,0,,,,0x7818055e
0x2c30eda7fd4a81169ec2a78b556ce37ca20a915f5460166171919e7e7c45a92d,6099800,1640673512,28-12-2021 06:38,0x93e92a2bc0c66a2887ecf5c918fbbd622491ed23,0xe6440028008a67c52d1a9489252112228c1dcd8d,,0,0,0,0.000369645,0,,,,0x7818055e
0x28564d089b1dbd90412960bfb144fd581eafd3591f5155eacceae19ed87ddac7,6099800,1640673512,28-12-2021 06:38,0x6a09436f3cb7c3e871071033aba967327499b9d4,0xe6440028008a67c52d1a9489252112228c1dcd8d,,0,0,0,0.00036549,0,,Error(0),Out of gas,0x7818055e
0x7c69dea8047fdb2e580cf1ea5cc0ece0d92ad36919cca7fafdff0a220e3dc575,6099800,1640673512,28-12-2021 06:38,0x138b9ebec6dcf3a5293fd6f5846ccbfe7a9e856a,0xe6440028008a67c52d1a9489252112228c1dcd8d,,0,0,0,0.000399222,0,,Error(0),Out of gas,0x7818055e
0xad187990456ca1481740212fd084e0a08389370884d141473816d222d6a2384e,6099800,1640673512,28-12-2021 06:38,0x6a09436f3cb7c3e871071033aba967327499b9d4,0xe6440028008a67c52d1a9489252112228c1dcd8d,,0,0,0,0.00036249,0,,,,0x7818055e
0xc7a038d3a71f1fdf9ad4d487abd17db086f014648f5bf76d6ea86da40820963f,6099800,1640673512,28-12-2021 06:38,0xa72e420605fd940b860c493263ce891d434782cb,0xe6440028008a67c52d1a9489252112228c1dcd8d,,0,0,0,0.000365897,0,,Error(0),Out of gas,0x7818055e
0x701989fb86de280904bc28e840fb62fa2f46e91466935f2cbe7054270febed76,6099800,1640673512,28-12-2021 06:38,0x93e92a2bc0c66a2887ecf5c918fbbd622491ed23,0xe6440028008a67c52d1a9489252112228c1dcd8d,,0,0,0,0.000366698,0,,Error(0),Out of gas,0x7818055e
0xd26e0032bb05532f0770a978db6ab49501653f5464cf3b20d231be27a6fb30da,6099800,1640673512,28-12-2021 06:38,0xa6e799871576a4337bb1ebf8e0cfe348209a9a1b,0xe6440028008a67c52d1a9489252112228c1dcd8d,,0,0,0,0.000366738,0,,Error(0),Out of gas,0x7818055e
0xe4cdcdb8e631a63ea46965faabdbd5833edcc9706b4ce32f31ce98aa9a8e8aa2,6099800,1640673512,28-12-2021 06:38,0x138b9ebec6dcf3a5293fd6f5846ccbfe7a9e856a,0xe6440028008a67c52d1a9489252112228c1dcd8d,,0,0,0,0.000421803,0,,Error(0),Out of gas,0x7818055e
0x07ecf249a75ce26ee7797604b560fd42c6c123c4aa9b62c328cd02b4c04054d9,6099801,1640673527,28-12-2021 06:38,0x6a09436f3cb7c3e871071033aba967327499b9d4,0xe6440028008a67c52d1a9489252112228c1dcd8d,,0,0,0,0.00036549,0,,Error(0),Out of gas,0x7818055e
0x055ed50697935f70ab18223241fc38637eadacb8bb19cf218fa050e5b056a29e,6099801,1640673527,28-12-2021 06:38,0xa72e420605fd940b860c493263ce891d434782cb,0xe6440028008a67c52d1a9489252112228c1dcd8d,,0,0,0,0.000394481,0,,Error(0),Out of gas,0x7818055e
0x9272276aff1168ff9f890e8158c6e98b5a3575d8a9f871d8e076c9806693639a,6099801,1640673527,28-12-2021 06:38,0x138b9ebec6dcf3a5293fd6f5846ccbfe7a9e856a,0xe6440028008a67c52d1a9489252112228c1dcd8d,,0,0,0,0.000443436,0,,,,0x7818055e
0x49dc469c5d55a496d98bb1f3fb994e3e8f37d8edba28523c39f1e4c805525809,6099801,1640673527,28-12-2021 06:38,0x93e92a2bc0c66a2887ecf5c918fbbd622491ed23,0xe6440028008a67c52d1a9489252112228c1dcd8d,,0,0,0,0.000369645,0,,,,0x7818055e
0xe7ab01e89cc1421ee58eb8b135a8a123597c8ccd0b87cd6614fd99abe3d133e5,6099801,1640673527,28-12-2021 06:38,0xa6e799871576a4337bb1ebf8e0cfe348209a9a1b,0xe6440028008a67c52d1a9489252112228c1dcd8d,,0,0,0,0.000369686,0,,,,0x7818055e
0xc263dcb3b477ea6555642115f996ee1143503dda280447a763fbb7ab89daf173,6099802,1640673542,28-12-2021 06:39,0x93e92a2bc0c66a2887ecf5c918fbbd622491ed23,0xe6440028008a67c52d1a9489252112228c1dcd8d,,0,0,0,0.000369645,0,,,,0x7818055e
0x47c79f56359e3554dba818d0e0d70ffeb54675d9c6eb23f2df96995a59b3006b,6099802,1640673542,28-12-2021 06:39,0x138b9ebec6dcf3a5293fd6f5846ccbfe7a9e856a,0xe6440028008a67c52d1a9489252112228c1dcd8d,,0,0,0,0.000369686,0,,Error(0),Out of gas,0x7818055e
0x7928de75dfba2f8af3872514004aec8cb3103a2c4e5c1838014a535d4fe94b9d,6099802,1640673542,28-12-2021 06:39,0x6a09436f3cb7c3e871071033aba967327499b9d4,0xe6440028008a67c52d1a9489252112228c1dcd8d,,0,0,0,0.00036249,0,,,,0x7818055e
0x11811c7f77bb3b668fa1f0f51497437eb2b218f3fdf6c2a1809945fd37aa1857,6099802,1640673542,28-12-2021 06:39,0xa72e420605fd940b860c493263ce891d434782cb,0xe6440028008a67c52d1a9489252112228c1dcd8d,,0,0,0,0.000365897,0,,Error(0),Out of gas,0x7818055e
0x95443bfd61ee9d2a324867c3ccd2eac1826be10834986cfe120fda89eeacecbd,6099802,1640673542,28-12-2021 06:39,0xa6e799871576a4337bb1ebf8e0cfe348209a9a1b,0xe6440028008a67c52d1a9489252112228c1dcd8d,,0,0,0,0.000373886,0,,Error(0),Out of gas,0x7818055e
0x37ad3753391ab494f114fc26c1de383d95b9d7e3db53ce4355c37d4b7fa6cab0,6099803,1640673557,28-12-2021 06:39,0x138b9ebec6dcf3a5293fd6f5846ccbfe7a9e856a,0xe6440028008a67c52d1a9489252112228c1dcd8d,,0,0,0,0.000395253,0,,,,0x7818055e
0x456586e1a2ad9c3ea60a27c8caf54fe709a086e0c1e6d3716ef06407d3e43091,6099803,1640673557,28-12-2021 06:39,0x6a09436f3cb7c3e871071033aba967327499b9d4,0xe6440028008a67c52d1a9489252112228c1dcd8d,,0,0,0,0.00036549,0,,Error(0),Out of gas,0x7818055e
0x7c4fcf12c3e520ce227c5317d7e276fe088f2445e2dca9194e1d64f4354da791,6099803,1640673557,28-12-2021 06:39,0xa72e420605fd940b860c493263ce891d434782cb,0xe6440028008a67c52d1a9489252112228c1dcd8d,,0,0,0,0.000368831,0,,,,0x7818055e
0x55291aef6f970ecac1985bd01f65fa49fea3d63a546ad3c7b1dbd7db43c5661a,6099803,1640673557,28-12-2021 06:39,0x93e92a2bc0c66a2887ecf5c918fbbd622491ed23,0xe6440028008a67c52d1a9489252112228c1dcd8d,,0,0,0,0.000369645,0,,,,0x7818055e
0x0f5d0cfb945ef3b0b536097803358b408aab6170b78d712cb5dcd0ce6f08838d,6099803,1640673557,28-12-2021 06:39,0xa6e799871576a4337bb1ebf8e0cfe348209a9a1b,0xe6440028008a67c52d1a9489252112228c1dcd8d,,0,0,0,0.000369686,0,,,,0x7818055e
0xf7d31166eedf945f0db632ff0e2d545fa9db3c144b8675f52b43dbc249a4e1b3,6099805,1640673587,28-12-2021 06:39,0xa6e799871576a4337bb1ebf8e0cfe348209a9a1b,0xe6440028008a67c52d1a9489252112228c1dcd8d,,0,0,0,0.000369686,0,,Error(0),Out of gas,0x7818055e
0x7eef88e3b50d869fe48ec49520bc2c07d48ae6f178afec9613c4b17c7873396f,6099805,1640673587,28-12-2021 06:39,0x138b9ebec6dcf3a5293fd6f5846ccbfe7a9e856a,0xe6440028008a67c52d1a9489252112228c1dcd8d,,0,0,0,0.000369686,0,,Error(0),Out of gas,0x7818055e
0xd4d29ba11dbf0a6851b589555dee8a77897a3afe878ad3fd46c4715ad5956899,6099805,1640673587,28-12-2021 06:39,0x93e92a2bc0c66a2887ecf5c918fbbd622491ed23,0xe6440028008a67c52d1a9489252112228c1dcd8d,,0,0,0,0.000369645,0,,Error(0),Out of gas,0x7818055e
0xe43f621cf25401d2c5b6f6ac18e5ed223df0f671a6f8318806c863804c395e05,6099805,1640673587,28-12-2021 06:39,0xa72e420605fd940b860c493263ce891d434782cb,0xe6440028008a67c52d1a9489252112228c1dcd8d,,0,0,0,0.000368831,0,,Error(0),Out of gas,0x7818055e
0x4e048d545743a2df04724904a45bda54fd0f32f8ed67a4b74939e58809b443fe,6099805,1640673587,28-12-2021 06:39,0x6a09436f3cb7c3e871071033aba967327499b9d4,0xe6440028008a67c52d1a9489252112228c1dcd8d,,0,0,0,0.00036249,0,,,,0x7818055e
0xf767220c2927d34e9947b6fb486ea7a8e8754ab98cade7631afa7f7816d4373f,6099805,1640673587,28-12-2021 06:39,0x93e92a2bc0c66a2887ecf5c918fbbd622491ed23,0xe6440028008a67c52d1a9489252112228c1dcd8d,,0,0,0,0.000395295,0,,,,0x7818055e
0x1fe438182d73d41ddbb80a8f3530058c9c6fd385c554a3c2f7a7aa8b781015f2,6099805,1640673587,28-12-2021 06:39,0x138b9ebec6dcf3a5293fd6f5846ccbfe7a9e856a,0xe6440028008a67c52d1a9489252112228c1dcd8d,,0,0,0,0.000369603,0,,,,0x7818055e
0x54c95fd35703a659311eecda7b8348aca62273a01fecef866ef7d297e2c38551,6099805,1640673587,28-12-2021 06:39,0xa72e420605fd940b860c493263ce891d434782cb,0xe6440028008a67c52d1a9489252112228c1dcd8d,,0,0,0,0.000368831,0,,,,0x7818055e
0x3a03dddba53686f8e6d4825e30d53716356aa98166d3edfbb57c5056e2509928,6099805,1640673587,28-12-2021 06:39,0xa6e799871576a4337bb1ebf8e0cfe348209a9a1b,0xe6440028008a67c52d1a9489252112228c1dcd8d,,0,0,0,0.000369686,0,,,,0x7818055e
0xdfe70ac2b1cacb27c3ab016fe553a37fcf957a9fafba855f05897ebf1e72cb5c,6099805,1640673587,28-12-2021 06:39,0x6a09436f3cb7c3e871071033aba967327499b9d4,0xe6440028008a67c52d1a9489252112228c1dcd8d,,0,0,0,0.00036549,0,,Error(0),Out of gas,0x7818055e
0x101a2bb4e23cf9cd2873c346c0916c02ddcec8bb4b0ce85a9bdb1d9a7e905778,6099806,1640673602,28-12-2021 06:40,0xa6e799871576a4337bb1ebf8e0cfe348209a9a1b,0xe6440028008a67c52d1a9489252112228c1dcd8d,,0,0,0,0.000369686,0,,Error(0),Out of gas,0x7818055e
0x6d66df1d2a2dbabd8dc98626854e6fe759f0be3270df4fe76c3f446ad2f5dcde,6099806,1640673602,28-12-2021 06:40,0x93e92a2bc0c66a2887ecf5c918fbbd622491ed23,0xe6440028008a67c52d1a9489252112228c1dcd8d,,0,0,0,0.000369645,0,,Error(0),Out of gas,0x7818055e
0x39728fb525e72401e054de23603a3999b43f4d2916b1695db641eefd57c0eac6,6099806,1640673602,28-12-2021 06:40,0x6a09436f3cb7c3e871071033aba967327499b9d4,0xe6440028008a67c52d1a9489252112228c1dcd8d,,0,0,0,0.00036969,0,,Error(0),Out of gas,0x7818055e
0xdf5237ecb236ec8162f4e0858c0215276e44875a6453652de321badb54324ab5,6099806,1640673602,28-12-2021 06:40,0x138b9ebec6dcf3a5293fd6f5846ccbfe7a9e856a,0xe6440028008a67c52d1a9489252112228c1dcd8d,,0,0,0,0.000369686,0,,Error(0),Out of gas,0x7818055e
0x600b22081acbd9a9b59659a2e8b997a592fbad87f3021a467ae80e2da5dc19b9,6099806,1640673602,28-12-2021 06:40,0xa72e420605fd940b860c493263ce891d434782cb,0xe6440028008a67c52d1a9489252112228c1dcd8d,,0,0,0,0.000368831,0,,Error(0),Out of gas,0x7818055e
0xd76e8e3147554d3da277b9b18eabf180250cf0f62a64312625e750efb39a13f3,6099807,1640673617,28-12-2021 06:40,0x93e92a2bc0c66a2887ecf5c918fbbd622491ed23,0xe6440028008a67c52d1a9489252112228c1dcd8d,,0,0,0,0.000369645,0,,,,0x7818055e
0x7cd1ce63df70b4770dcf543abf35f91c2d1696764dd3f554f28711299fd40b6c,6099807,1640673617,28-12-2021 06:40,0x6a09436f3cb7c3e871071033aba967327499b9d4,0xe6440028008a67c52d1a9489252112228c1dcd8d,,0,0,0,0.00036249,0,,,,0x7818055e
0xd18b5a2109918524e71f202505c9ed252b085077282dd376286aa040c42df8d1,6099807,1640673617,28-12-2021 06:40,0xa6e799871576a4337bb1ebf8e0cfe348209a9a1b,0xe6440028008a67c52d1a9489252112228c1dcd8d,,0,0,0,0.000373886,0,,Error(0),Out of gas,0x7818055e
0x6c011bbdb2a7dcea57954d20ab9951f181b0d111d2e654cd6f5947b285d84431,6099807,1640673617,28-12-2021 06:40,0x138b9ebec6dcf3a5293fd6f5846ccbfe7a9e856a,0xe6440028008a67c52d1a9489252112228c1dcd8d,,0,0,0,0.000373886,0,,Error(0),Out of gas,0x7818055e
0x334a9f7ab094068b55602145d1ca7c8ea337cbdaa23ec4f9f6cb34ae2f6fe688,6099807,1640673617,28-12-2021 06:40,0xa72e420605fd940b860c493263ce891d434782cb,0xe6440028008a67c52d1a9489252112228c1dcd8d,,0,0,0,0.000373031,0,,Error(0),Out of gas,0x7818055e
0xa437421ef0ce6bbac0be1ba8a7dd9ec72e85fb507efc2049d065e79c3b8d7fc7,6099808,1640673632,28-12-2021 06:40,0xa72e420605fd940b860c493263ce891d434782cb,0xe6440028008a67c52d1a9489252112228c1dcd8d,,0,0,0,0.000394481,0,,,,0x7818055e
0xeb3760a02ee093cf0ba5b6c9517672a7d55720a56233e3c78a6419c08d3c83a6,6099808,1640673632,28-12-2021 06:40,0x138b9ebec6dcf3a5293fd6f5846ccbfe7a9e856a,0xe6440028008a67c52d1a9489252112228c1dcd8d,,0,0,0,0.000399222,0,,Error(0),Out of gas,0x7818055e
0xa6053f9d9905753f4db0fd8c2a14d3f1e5b31f263973ee0bdcf891a1b15efb4e,6099808,1640673632,28-12-2021 06:40,0x93e92a2bc0c66a2887ecf5c918fbbd622491ed23,0xe6440028008a67c52d1a9489252112228c1dcd8d,,0,0,0,0.000369645,0,,,,0x7818055e
0x7ed48762e2481df5e42f960ce2975b490791ac59c09bdd472a7f39cf87292a30,6099808,1640673632,28-12-2021 06:40,0x6a09436f3cb7c3e871071033aba967327499b9d4,0xe6440028008a67c52d1a9489252112228c1dcd8d,,0,0,0,0.00036549,0,,Error(0),Out of gas,0x7818055e
0xb7c368a97be2f3d51134d3ccbf8203a5a5312636ea903baa81c6172e512a5881,6099808,1640673632,28-12-2021 06:40,0xa6e799871576a4337bb1ebf8e0cfe348209a9a1b,0xe6440028008a67c52d1a9489252112228c1dcd8d,,0,0,0,0.000369686,0,,,,0x7818055e
0x67c75ec40912e87c29cca1389ec6393b149b2392817621eb50a97eee87726839,6099809,1640673647,28-12-2021 06:40,0x6a09436f3cb7c3e871071033aba967327499b9d4,0xe6440028008a67c52d1a9489252112228c1dcd8d,,0,0,0,0.00036249,0,,,,0x7818055e
0x4094b6a9ccc3ae918b3131757daddbcb6549ef878e23f4e7c3fc1ec1cc333e3f,6099809,1640673647,28-12-2021 06:40,0xa72e420605fd940b860c493263ce891d434782cb,0xe6440028008a67c52d1a9489252112228c1dcd8d,,0,0,0,0.000365897,0,,Error(0),Out of gas,0x7818055e
0x22e3966cee9eaaa39c4b0481002cb7def6e79c7ae261d50ddb49bde4c39d2a42,6099809,1640673647,28-12-2021 06:40,0x93e92a2bc0c66a2887ecf5c918fbbd622491ed23,0xe6440028008a67c52d1a9489252112228c1dcd8d,,0,0,0,0.000366698,0,,Error(0),Out of gas,0x7818055e
0x16807304d1996a06512f78ff056cac0b00469d7dfac392feb988e338ef6b62e8,6099809,1640673647,28-12-2021 06:40,0x138b9ebec6dcf3a5293fd6f5846ccbfe7a9e856a,0xe6440028008a67c52d1a9489252112228c1dcd8d,,0,0,0,0.000421803,0,,Error(0),Out of gas,0x7818055e
0x9c05b453aa72af9b644b5042c682303c97da24314e425c13ddd783f772009b67,6099809,1640673647,28-12-2021 06:40,0xa6e799871576a4337bb1ebf8e0cfe348209a9a1b,0xe6440028008a67c52d1a9489252112228c1dcd8d,,0,0,0,0.000366738,0,,Error(0),Out of gas,0x7818055e
0x9efd73ef62d074c04a4256d38443b20645b1609efd557406e8c407ec49efc904,6099810,1640673662,28-12-2021 06:41,0x6a09436f3cb7c3e871071033aba967327499b9d4,0xe6440028008a67c52d1a9489252112228c1dcd8d,,0,0,0,0.00036549,0,,Error(0),Out of gas,0x7818055e
0x19261214546f409eb054ca9f086b952fa5a51d5758814d4ee2af2c3e6aa35f4e,6099810,1640673662,28-12-2021 06:41,0x93e92a2bc0c66a2887ecf5c918fbbd622491ed23,0xe6440028008a67c52d1a9489252112228c1dcd8d,,0,0,0,0.000395295,0,,,,0x7818055e
0xa6ed6e51086744da4190dae1833a812ce634d44497d24b775e4ad60ec9fb60a8,6099810,1640673662,28-12-2021 06:41,0x138b9ebec6dcf3a5293fd6f5846ccbfe7a9e856a,0xe6440028008a67c52d1a9489252112228c1dcd8d,,0,0,0,0.000417786,0,,,,0x7818055e
0x095d0e5fef7a971c92854f9d18abb9a6db7f443f3b78eb6d460dcd131c85430a,6099810,1640673662,28-12-2021 06:41,0xa72e420605fd940b860c493263ce891d434782cb,0xe6440028008a67c52d1a9489252112228c1dcd8d,,0,0,0,0.000368831,0,,,,0x7818055e
0x5bf4b3cc47bd6454964b1cf8571c4d310dabf9b2f4e20afb03a8595f275f0da0,6099810,1640673662,28-12-2021 06:41,0xa6e799871576a4337bb1ebf8e0cfe348209a9a1b,0xe6440028008a67c52d1a9489252112228c1dcd8d,,0,0,0,0.000369686,0,,,,0x7818055e
